time,value
1759857802.0990372,22
1759857802.2062175,24
1759857802.3114648,23
1759857802.41545,22
1759857802.519824,23
1759857802.624816,23
1759857802.7285905,24
1759857802.8344274,23
1759857802.939778,23
1759857803.04445,22
1759857803.149691,22
1759857803.255198,23
1759857803.35938,24
1759857803.4634151,23
1759857803.5680313,23
1759857803.672339,23
1759857803.776466,24
1759857803.8806648,24
1759857803.984746,24
1759857804.0882452,23
1759857804.1918778,23
1759857804.2963312,22
1759857804.400585,23
1759857804.5046022,22
1759857804.6081753,22
1759857804.7130163,23
1759857804.817836,22
1759857804.922091,23
1759857805.0260193,24
1759857805.1299582,24
1759857805.2339168,23
1759857805.3377287,23
1759857805.4418766,24
1759857805.5458748,24
1759857805.6499262,24
1759857805.754228,22
1759857805.8580673,24
1759857805.9616532,23
1759857806.0653844,24
1759857806.1701972,22
1759857806.2739186,24
1759857806.3775034,24
1759857806.4812467,23
1759857806.5852618,23
1759857806.6889126,23
1759857806.794981,23
1759857806.901066,22
1759857807.0078933,24
1759857807.111997,24
1759857807.2178693,23
1759857807.321652,23
1759857807.4263823,23
1759857807.530949,22
1759857807.6351547,23
1759857807.7387738,24
1759857807.8424463,24
1759857807.9471557,24
1759857808.0507848,23
1759857808.1552837,23
1759857808.258926,24
1759857808.362663,24
1759857808.4662037,23
1759857808.5733376,23
1759857808.6769843,23
1759857808.7858143,23
1759857808.890647,23
1759857808.994767,24
1759857809.098779,22
1759857809.203628,24
1759857809.3077726,23
1759857809.4158661,23
1759857809.5211537,23
1759857809.6258352,24
1759857809.7299845,24
1759857809.8341243,22
1759857809.9380634,24
1759857810.041891,24
1759857810.148329,24
1759857810.2521327,24
1759857810.3559618,23
1759857810.4598901,25
1759857810.5637176,24
1759857810.6671698,24
1759857810.7706745,24
1759857810.8741062,24
1759857810.977573,24
1759857811.0810635,24
1759857811.184682,24
1759857811.2881312,25
1759857811.3915837,25
1759857811.4949882,25
1759857811.5983841,24
1759857811.7018692,23
1759857811.8053212,24
1759857811.9088473,24
1759857812.0126398,24
1759857812.1159756,24
1759857812.2197986,24
1759857812.323088,24
1759857812.4268968,23
1759857812.5302918,24
1759857812.6341255,23
1759857812.7379565,24
1759857812.8412979,24
1759857812.9451292,24
1759857813.0489235,24
1759857813.152306,23
1759857813.2562077,24
1759857813.3597915,25
1759857813.4631772,24
1759857813.566688,23
1759857813.6701374,24
1759857813.7736876,24
1759857813.877066,23
1759857813.981135,23
1759857814.0846608,24
1759857814.1881948,25
1759857814.2916894,25
1759857814.3952255,25
1759857814.4987333,24
1759857814.602151,24
1759857814.7055275,26
1759857814.8089743,26
1759857814.9122393,28
1759857815.0157762,28
1759857815.119371,26
1759857815.222813,26
1759857815.3263633,26
1759857815.4297264,26
1759857815.5331178,26
1759857815.6375213,25
1759857815.7411304,28
1759857815.8451521,25
1759857815.9490728,23
1759857816.052627,24
1759857816.1566114,25
1759857816.260245,25
1759857816.3643787,25
1759857816.468501,25
1759857816.5720394,26
1759857816.676127,26
1759857816.7797267,26
1759857816.8837664,26
1759857816.9873853,26
1759857817.091431,27
1759857817.195582,25
1759857817.2990375,27
1759857817.4031255,25
1759857817.5072439,27
1759857817.6110346,27
1759857817.7148628,27
1759857817.819064,26
1759857817.9231567,26
1759857818.0271094,26
1759857818.1314185,27
1759857818.2355254,26
1759857818.3396683,29
1759857818.4430578,29
1759857818.546397,27
1759857818.649746,27
1759857818.753498,28
1759857818.8570175,30
1759857818.960447,28
1759857819.0639772,29
1759857819.168699,30
1759857819.271993,31
1759857819.375531,31
1759857819.4789226,32
1759857819.5823584,30
1759857819.6859071,32
1759857819.7893293,30
1759857819.8928149,31
1759857819.9962168,30
1759857820.099736,30
1759857820.203102,28
1759857820.306785,29
1759857820.4105737,26
1759857820.5140588,27
1759857820.6174932,27
1759857820.7211072,27
1759857820.8244677,27
1759857820.9277587,31
1759857821.031065,29
1759857821.1344676,25
1759857821.2378762,26
1759857821.3412569,27
1759857821.4446073,30
1759857821.547995,29
1759857821.6513498,28
1759857821.7547264,27
1759857821.858119,27
1759857821.9615896,27
1759857822.0649123,25
1759857822.1683512,27
1759857822.2718933,31
1759857822.3752234,29
1759857822.4786952,28
1759857822.582133,29
1759857822.6854517,28
1759857822.7889504,29
1759857822.892791,29
1759857822.9961376,28
1759857823.0999825,29
1759857823.2038324,30
1759857823.3075626,28
1759857823.411268,31
1759857823.515081,29
1759857823.6187754,26
1759857823.7226646,26
1759857823.826585,27
1759857823.9308138,24
1759857824.0351777,26
1759857824.1390202,24
1759857824.2427151,25
1759857824.3464408,26
1759857824.4502149,27
1759857824.5540655,28
1759857824.6573741,27
1759857824.7606695,25
1759857824.8638945,25
1759857824.967701,25
1759857825.0711057,25
1759857825.1745799,24
1759857825.2782433,27
1759857825.3816488,28
1759857825.4850206,27
1759857825.5883224,28
1759857825.6918283,31
1759857825.7955418,31
1759857825.899023,30
1759857826.002632,29
1759857826.106361,30
1759857826.2097666,29
1759857826.313163,28
1759857826.4165883,24
1759857826.5199769,29
1759857826.623409,29
1759857826.7267716,27
1759857826.830118,24
1759857826.9333427,24
1759857827.0366588,24
1759857827.139876,24
1759857827.2437499,25
1759857827.3470664,23
1759857827.450774,22
1759857827.554499,23
1759857827.6577804,24
1759857827.7609296,24
1759857827.8645458,23
1759857827.9678395,23
1759857828.0716145,24
1759857828.1749103,24
1759857828.2782269,23
1759857828.3815017,23
1759857828.4849076,23
1759857828.5883262,23
1759857828.691579,23
1759857828.7949376,23
1759857828.8981237,23
1759857829.0014455,23
1759857829.1048112,23
1759857829.2081618,24
1759857829.311593,23
1759857829.414905,23
1759857829.518287,24
1759857829.6216252,26
1759857829.724944,24
1759857829.8283021,25
1759857829.9317346,23
1759857830.0351095,23
1759857830.1385393,24
1759857830.2419522,24
1759857830.345425,24
1759857830.4487586,23
1759857830.552153,23
1759857830.6553786,23
1759857830.7587004,23
1759857830.8620949,23
1759857830.9654412,23
1759857831.0688524,24
1759857831.172208,23
1759857831.2755911,24
1759857831.3789418,25
1759857831.482298,25
1759857831.5857027,23
1759857831.6890519,23
1759857831.7922885,27
1759857831.8956788,27
1759857831.9990308,27
1759857832.1023414,24
1759857832.2056804,25
1759857832.309038,26
1759857832.4123802,24
1759857832.5158029,23
1759857832.6191485,24
1759857832.722501,23
1759857832.8258672,24
1759857832.929204,23
1759857833.0325744,22
1759857833.1360018,23
1759857833.2394369,23
1759857833.3428154,25
1759857833.4461155,24
1759857833.549491,26
1759857833.6529138,24
1759857833.7562428,24
1759857833.8596375,23
1759857833.9631855,23
1759857834.066578,23
1759857834.1699588,24
1759857834.2733526,25
1759857834.3767726,26
1759857834.480322,28
1759857834.5838556,28
1759857834.687195,27
1759857834.7905927,28
1759857834.8939345,29
1759857834.9973323,27
1759857835.1008172,26
1759857835.2041907,26
1759857835.3076162,26
1759857835.4110088,25
1759857835.5144327,24
1759857835.6178882,24
1759857835.721302,25
1759857835.8247287,25
1759857835.9280958,25
1759857836.0315335,25
1759857836.1349306,25
1759857836.238316,24
1759857836.3417072,27
1759857836.445058,27
1759857836.5483673,28
1759857836.6517677,28
1759857836.7551374,24
1759857836.858517,26
1759857836.9619615,23
1759857837.0653539,24
1759857837.168757,22
1759857837.272145,22
1759857837.3755546,23
1759857837.4789019,19
1759857837.582279,24
1759857837.6856296,24
1759857837.789036,31
1759857837.8922772,29
1759857837.9956737,29
1759857838.099027,28
1759857838.2024333,29
1759857838.30585,29
1759857838.409167,30
1759857838.5124688,30
1759857838.6158838,27
1759857838.7191322,29
1759857838.8224247,26
1759857838.9258068,28
1759857839.0291545,26
1759857839.1323876,27
1759857839.2372727,23
1759857839.3405654,25
1759857839.4439373,28
1759857839.547369,31
1759857839.6507268,28
1759857839.7541041,25
1759857839.8574176,27
1759857839.9607935,26
1759857840.0641782,23
1759857840.1676557,23
1759857840.2709608,26
1759857840.3741388,24
1759857840.4773986,25
1759857840.5806417,25
1759857840.683863,23
1759857840.787065,22
1759857840.8904402,26
1759857840.9939601,31
1759857841.0972986,32
1759857841.2008169,32
1759857841.304215,33
1759857841.407581,35
1759857841.5109367,33
1759857841.614334,31
1759857841.7175896,29
1759857841.8209698,30
1759857841.9242952,34
1759857842.0276716,30
1759857842.130955,31
1759857842.2343628,29
1759857842.3376772,30
1759857842.4409792,31
1759857842.5443594,34
1759857842.6477282,33
1759857842.7510319,30
1759857842.8543816,34
1759857842.957703,38
1759857843.0610778,38
1759857843.1643538,37
1759857843.2678392,37
1759857843.3711565,33
1759857843.4745982,31
1759857843.5780394,33
1759857843.68151,34
1759857843.7855446,35
1759857843.8888152,37
1759857843.9920385,35
1759857844.0952587,29
1759857844.1987379,27
1759857844.3021483,30
1759857844.405511,28
1759857844.5089505,27
1759857844.6123345,30
1759857844.7158172,28
1759857844.8191693,28
1759857844.922556,29
1759857845.0260196,29
1759857845.1294022,29
1759857845.2329507,27
1759857845.3363545,28
1759857845.4397345,25
1759857845.5430822,28
1759857845.6464233,27
1759857845.749822,25
1759857845.8531113,24
1759857845.9564779,23
1759857846.0598872,27
1759857846.1632066,26
1759857846.2667239,26
1759857846.3700256,30
1759857846.4733622,26
1759857846.5766912,28
1759857846.680011,28
1759857846.7833078,28
1759857846.886659,30
1759857846.9900148,31
1759857847.0934055,31
1759857847.1968462,33
1759857847.3002276,34
1759857847.403578,32
1759857847.5069456,32
1759857847.6102073,33
1759857847.713435,32
1759857847.816701,30
1759857847.9198847,31
1759857848.02315,31
1759857848.126495,34
1759857848.2298896,32
1759857848.333132,31
1759857848.4362924,34
1759857848.5395718,34
1759857848.6428628,32
1759857848.7461221,31
1759857848.849436,30
1759857848.9527664,30
1759857849.0559502,31
1759857849.1591961,32
1759857849.2624364,32
1759857849.3658197,31
1759857849.4690678,31
1759857849.5724382,33
1759857849.6756797,31
1759857849.7788744,29
1759857849.8820934,29
1759857849.9852672,31
1759857850.088538,32
1759857850.1917315,32
1759857850.2951896,30
1759857850.3985193,31
1759857850.5018458,30
1759857850.605199,31
1759857850.7085435,30
1759857850.8117683,32
1759857850.915014,28
1759857851.0182164,30
1759857851.1214826,32
1759857851.2248156,32
1759857851.3282027,32
1759857851.4314933,32
1759857851.5346901,31
1759857851.6380405,31
1759857851.7416966,31
1759857851.8448393,31
1759857851.948091,32
1759857852.0518491,30
1759857852.1555867,33
1759857852.2588155,34
1759857852.362491,33
1759857852.4656358,32
1759857852.5689075,32
1759857852.6725307,33
1759857852.7757897,32
1759857852.879539,31
1759857852.9832456,31
1759857853.0865848,32
1759857853.1903174,32
1759857853.2940738,32
1759857853.3972151,31
1759857853.5007882,33
1759857853.6040049,33
1759857853.7072694,32
1759857853.810976,33
1759857853.914594,32
1759857854.017744,33
1759857854.121067,33
1759857854.2247765,35
1759857854.3284526,34
1759857854.4317095,35
1759857854.5349646,37
1759857854.6382217,35
1759857854.7414806,37
1759857854.844766,37
1759857854.948428,36
1759857855.0520427,36
1759857855.1558483,36
1759857855.2596333,37
1759857855.3629634,37
1759857855.4666543,37
1759857855.5703747,38
1759857855.6740685,34
1759857855.777664,40
1759857855.8813472,37
1759857855.985098,36
1759857856.0888376,39
1759857856.1921225,39
1759857856.2954814,37
1759857856.39875,38
1759857856.5020144,39
1759857856.605387,39
1759857856.708756,39
1759857856.812059,38
1759857856.9154706,39
1759857857.0187151,40
1759857857.121911,41
1759857857.225226,51
1759857857.3285174,51
1759857857.4318838,50
1759857857.5351849,52
1759857857.6384153,52
1759857857.7416344,52
1759857857.8447893,52
1759857857.9480274,52
1759857858.0513587,52
1759857858.1546252,53
1759857858.2580094,52
1759857858.3613443,53
1759857858.4647074,53
1759857858.5680532,53
1759857858.6713588,53
1759857858.7747066,54
1759857858.8780224,53
1759857858.9814024,53
1759857859.0848541,54
1759857859.1882002,53
1759857859.3018942,53
1759857859.405267,54
1759857859.5085247,54
1759857859.6117568,53
1759857859.7151804,53
1759857859.8185072,53
1759857859.9218354,53
1759857860.0251791,54
1759857860.1285253,53
1759857860.2319334,53
1759857860.3352711,54
1759857860.4386363,54
1759857860.541958,53
1759857860.6453233,53
1759857860.7487037,54
1759857860.8520403,54
1759857860.9554071,54
1759857861.0587585,54
1759857861.1621113,53
1759857861.265534,53
1759857861.368913,54
1759857861.4721618,54
1759857861.5759928,53
1759857861.6797488,54
1759857861.782916,53
1759857861.8865457,53
1759857861.9897187,53
1759857862.0934572,54
1759857862.196707,53
1759857862.2999117,54
1759857862.4036295,55
1759857862.5067847,55
1759857862.6100895,55
1759857862.7133203,54
1759857862.816986,55
1759857862.9205987,55
1759857863.023864,55
1759857863.1271327,55
1759857863.2305286,55
1759857863.333826,55
1759857863.4371781,56
1759857863.54038,56
1759857863.6438708,55
1759857863.7470996,56
1759857863.8503509,55
1759857863.9536014,55
1759857864.0569334,56
1759857864.1602716,55
1759857864.263693,55
1759857864.3669229,55
1759857864.4701416,55
1759857864.5733306,56
1759857864.6766696,55
1759857864.7798338,55
1759857864.8830912,55
1759857864.9864318,56
1759857865.0898445,56
1759857865.1930847,55
1759857865.296485,55
1759857865.3998446,55
1759857865.5031834,56
1759857865.6065223,55
1759857865.7097716,55
1759857865.8129978,55
1759857865.9162335,55
1759857866.0196435,56
1759857866.1229875,55
1759857866.2262971,55
1759857866.3295527,54
1759857866.4329467,54
1759857866.5362053,54
1759857866.639524,55
1759857866.7427492,54
1759857866.8462143,54
1759857866.9495087,55
1759857867.052818,56
1759857867.1560895,56
1759857867.25941,55
1759857867.3627317,55
1759857867.465982,55
1759857867.569234,55
1759857867.6723633,55
1759857867.7756395,55
1759857867.8788204,54
1759857867.982108,55
1759857868.0853882,56
1759857868.1887913,56
1759857868.292103,56
1759857868.3953626,54
1759857868.4987073,55
1759857868.6020842,56
1759857868.7053254,56
1759857868.8087225,55
1759857868.9120593,54
1759857869.0156293,55
1759857869.1191561,55
1759857869.22264,55
1759857869.326029,54
1759857869.4293547,54
1759857869.5326793,55
1759857869.6359644,56
1759857869.7392879,55
1759857869.8425999,50
1759857869.9459264,46
1759857870.0492697,50
1759857870.152713,51
1759857870.2559874,53
1759857870.359232,52
1759857870.4624453,52
1759857870.5657353,53
1759857870.6691978,53
1759857870.772427,54
1759857870.875831,53
1759857870.9793756,53
1759857871.0827303,53
1759857871.1859794,53
1759857871.2892523,53
1759857871.392528,52
1759857871.4957097,52
1759857871.599012,52
1759857871.7022874,52
1759857871.8055367,53
1759857871.9087858,52
1759857872.0122316,51
1759857872.1156352,52
1759857872.2190323,54
1759857872.3222866,54
1759857872.4257092,52
1759857872.5290349,51
1759857872.6325119,53
1759857872.7358928,53
1759857872.8392272,53
1759857872.9426508,53
1759857873.0459938,53
1759857873.1494381,54
1759857873.252958,54
1759857873.3563776,54
1759857873.4597971,54
1759857873.5631187,54
1759857873.6666043,54
1759857873.7699368,55
1759857873.8733616,55
1759857873.9767432,55
1759857874.0801232,55
1759857874.183363,55
1759857874.286659,55
1759857874.3898504,55
1759857874.4932399,54
1759857874.5966167,55
1759857874.6999168,55
1759857874.8032792,56
1759857874.9064744,53
1759857875.0098422,54
1759857875.1130564,54
1759857875.216635,56
1759857875.3200555,55
1759857875.4233866,55
1759857875.526609,54
1759857875.6298769,56
1759857875.733026,56
1759857875.83627,56
1759857875.939686,55
1759857876.0430443,55
1759857876.1463375,55
1759857876.249598,55
1759857876.3528817,55
1759857876.4560084,55
1759857876.5592382,55
1759857876.6626766,57
1759857876.766016,57
1759857876.869166,56
1759857876.9723845,56
1759857877.07567,55
1759857877.1789215,55
1759857877.2821229,55
1759857877.3855793,55
1759857877.4887488,54
1759857877.592004,54
1759857877.6951349,55
1759857877.7984047,53
1759857877.9016294,50
1759857878.0049152,49
1759857878.1081104,50
1759857878.2113724,46
1759857878.3145714,48
1759857878.4181128,46
1759857878.5213,43
1759857878.6245742,41
1759857878.7277591,43
1759857878.8309903,41
1759857878.9341335,43
1759857879.0375612,44
1759857879.1408334,45
1759857879.2441113,45
1759857879.3488069,45
1759857879.4520497,45
1759857879.55519,43
1759857879.6584878,42
1759857879.7616572,44
1759857879.864897,46
1759857879.968053,47
1759857880.0714905,46
1759857880.1748772,45
1759857880.2781615,47
1759857880.381381,49
1759857880.4846964,49
1759857880.5879364,47
1759857880.6911552,47
1759857880.7943645,48
1759857880.897585,49
1759857881.0007885,48
1759857881.1042728,47
1759857881.207629,47
1759857881.3108585,46
1759857881.4141138,46
1759857881.517269,45
1759857881.6205552,46
1759857881.7237422,46
1759857881.8269725,45
1759857881.9301112,46
1759857882.0332637,46
1759857882.1365511,44
1759857882.239746,40
1759857882.3429751,41
1759857882.446122,41
1759857882.5493455,47
1759857882.6525588,48
1759857882.755802,46
1759857882.8589513,47
1759857882.962188,47
1759857883.0653508,46
1759857883.1686826,46
1759857883.2718818,48
1759857883.3751552,47
1759857883.4784207,49
1759857883.5816824,48
1759857883.6849527,47
1759857883.7881644,47
1759857883.891473,46
1759857883.9946315,46
1759857884.0978925,47
1759857884.2010431,43
1759857884.3043091,43
1759857884.4075487,44
1759857884.5107064,43
1759857884.613964,43
1759857884.7171082,44
1759857884.820324,44
1759857884.923505,42
1759857885.0266995,42
1759857885.1299767,42
1759857885.2331738,43
1759857885.3364162,46
1759857885.4396174,46
1759857885.5428522,46
1759857885.6460419,48
1759857885.7492647,49
1759857885.8524263,48
1759857885.9556901,47
1759857886.058866,47
1759857886.1623402,48
1759857886.265522,49
1759857886.3687983,47
1759857886.4719474,48
1759857886.575216,49
1759857886.6784325,49
1759857886.7816522,47
1759857886.884847,47
1759857886.9880824,47
1759857887.0913465,48
1759857887.194605,47
1759857887.2978227,45
1759857887.4010572,46
1759857887.504195,46
1759857887.60783,47
1759857887.7115157,46
1759857887.8147018,47
1759857887.917879,46
1759857888.0211103,46
1759857888.1248264,46
1759857888.228029,46
1759857888.331299,47
1759857888.4350178,46
1759857888.538281,46
1759857888.6420166,44
1759857888.745664,44
1759857888.8488424,44
1759857888.9524956,45
1759857889.0560632,45
1759857889.1598055,44
1759857889.263534,45
1759857889.367212,47
1759857889.4708958,44
1759857889.5745761,44
1759857889.67833,45
1759857889.781989,44
1759857889.8856688,45
1759857889.9888308,45
1759857890.0925379,47
1759857890.1960635,46
1759857890.2998223,44
1759857890.4036055,44
1759857890.507257,44
1759857890.6109517,44
1759857890.7146297,45
1759857890.8183208,42
1759857890.921981,45
1759857891.0255985,48
1759857891.129367,49
1759857891.2331417,49
1759857891.3368359,48
1759857891.4404464,49
1759857891.5441709,48
1759857891.6479735,49
1759857891.751737,49
1759857891.8555064,48
1759857891.9586198,48
1759857892.061905,48
1759857892.165231,48
1759857892.2684891,47
1759857892.3718321,49
1759857892.475088,51
1759857892.5784655,51
1759857892.6818645,51
1759857892.7851791,50
1759857892.8885305,50
1759857892.9918911,48
1759857893.0952308,46
1759857893.1986942,48
1759857893.3021061,45
1759857893.4054568,48
1759857893.5088868,47
1759857893.6122751,47
1759857893.7156892,48
1759857893.8190246,47
1759857893.9223588,47
1759857894.0256975,48
1759857894.1290045,47
1759857894.2323065,46
1759857894.3356674,49
1759857894.438948,50
1759857894.542199,52
1759857894.6455588,52
1759857894.748972,51
1759857894.8521757,51
1759857894.9553914,51
1759857895.0585585,52
1759857895.1619728,51
1759857895.2652662,50
1759857895.3686457,51
1759857895.4719698,50
1759857895.5752819,50
1759857895.6786156,50
1759857895.7818742,50
1759857895.8851125,48
1759857895.9882934,47
1759857896.0915747,47
1759857896.1949394,47
1759857896.2982666,48
1759857896.4016485,47
1759857896.5050993,49
1759857896.6086292,51
1759857896.7119443,50
1759857896.8153782,51
1759857896.9187193,50
1759857897.0220284,51
1759857897.1255012,51
1759857897.2288103,51
1759857897.3322427,51
1759857897.4356325,51
1759857897.5389762,51
1759857897.6421978,52
1759857897.7454393,51
1759857897.848761,51
1759857897.95223,51
1759857898.0556304,52
1759857898.1590466,51
1759857898.2624273,51
1759857898.3658628,49
1759857898.4691315,51
1759857898.5724347,52
1759857898.6758738,52
1759857898.779069,51
1759857898.8824005,52
1759857898.9858282,53
1759857899.08908,53
1759857899.1923938,53
1759857899.2957833,51
1759857899.400414,51
1759857899.5037138,49
1759857899.606914,52
1759857899.7101593,51
1759857899.8133228,51
1759857899.9165661,51
1759857900.0197048,50
1759857900.1229692,51
1759857900.2261798,50
1759857900.329486,50
1759857900.4327009,52
1759857900.5360472,53
1759857900.639341,53
1759857900.742589,54
1759857900.8458407,54
1759857900.9490654,53
1759857901.0523112,53
1759857901.1557508,53
1759857901.2591515,53
1759857901.3625576,53
1759857901.4658847,53
1759857901.5691705,53
1759857901.6725602,54
1759857901.7758079,55
1759857901.8790476,49
1759857901.9822912,54
1759857902.0854673,54
1759857902.1887875,55
1759857902.2920327,55
1759857902.3953817,55
1759857902.4986355,55
1759857902.602011,54
1759857902.7053604,55
1759857902.8086329,58
1759857902.911887,59
1759857903.015115,59
1759857903.1184478,59
1759857903.2216666,59
1759857903.3250537,59
1759857903.4282517,60
1759857903.531536,59
1759857903.6347163,59
1759857903.7379282,60
1759857903.8410974,60
1759857903.9444373,60
1759857904.0477538,59
1759857904.1511583,59
1759857904.2546139,58
1759857904.3579893,60
1759857904.461337,60
1759857904.56455,59
1759857904.6677995,59
1759857904.7710626,60
1759857904.874294,60
1759857904.9775136,61
1759857905.0808241,60
1759857905.184219,59
1759857905.2877338,61
1759857905.391084,61
1759857905.49432,61
1759857905.5975976,59
1759857905.7008626,60
1759857905.8040638,60
1759857905.907304,61
1759857906.0105982,61
1759857906.113849,61
1759857906.2172418,61
1759857906.320599,61
1759857906.4238422,61
1759857906.527181,62
1759857906.6305957,60
1759857906.7338614,61
1759857906.837198,62
1759857906.9405408,61
1759857907.0438435,61
1759857907.147149,60
1759857907.2506108,60
1759857907.3538506,62
1759857907.4570403,62
1759857907.560219,61
1759857907.663515,61
1759857907.7667947,61
1759857907.870135,62
1759857907.973283,63
1759857908.076549,62
1759857908.1797478,62
1759857908.2830322,62
1759857908.3863149,62
1759857908.4896746,63
1759857908.5930524,63
1759857908.6963923,62
1759857908.7997653,62
1759857908.9030035,62
1759857909.0062325,63
1759857909.1094732,63
1759857909.212814,62
1759857909.3162255,62
1759857909.4195263,61
1759857909.5228052,62
1759857909.6261685,62
1759857909.7295074,61
1759857909.832892,61
1759857909.9361966,62
1759857910.0396063,62
1759857910.1430044,63
1759857910.2462945,62
1759857910.349676,62
1759857910.45302,63
1759857910.556321,63
1759857910.6597612,63
1759857910.7630866,62
1759857910.866411,62
1759857910.9697354,62
1759857911.0729864,63
1759857911.176251,62
1759857911.279676,61
1759857911.38298,62
1759857911.4863625,61
1759857911.5896964,62
1759857911.6930501,62
1759857911.7962499,62
1759857911.8995507,62
1759857912.0027878,62
1759857912.1059465,63
1759857912.2092378,62
1759857912.3125591,61
1759857912.4158378,61
1759857912.5190713,62
1759857912.6222854,62
1759857912.725549,62
1759857912.8287773,62
1759857912.9320986,62
1759857913.0354042,62
1759857913.1387923,63
1759857913.2420921,62
1759857913.345261,62
1759857913.44847,62
1759857913.551664,62
1759857913.6549597,62
1759857913.7582119,63
1759857913.861558,62
1759857913.9649498,62
1759857914.0682638,63
1759857914.1716835,62
1759857914.2750506,62
1759857914.3783898,62
1759857914.4817245,62
1759857914.5850804,62
1759857914.6883597,62
1759857914.7917356,62
1759857914.8951,62
1759857914.9982655,62
1759857915.1016045,62
1759857915.2049897,62
1759857915.3083909,62
1759857915.411808,62
1759857915.515145,62
1759857915.6184251,62
1759857915.7218428,63
1759857915.8251731,63
1759857915.9284484,62
1759857916.0318136,62
1759857916.1351979,62
1759857916.2385595,63
1759857916.3419354,63
1759857916.4451892,62
1759857916.5484,62
1759857916.65174,63
1759857916.754923,63
1759857916.8582468,63
1759857916.9614825,63
1759857917.0648625,63
1759857917.1682508,63
1759857917.271686,63
1759857917.3750927,63
1759857917.4784367,62
1759857917.5818512,63
1759857917.685254,64
1759857917.7885654,63
1759857917.8919082,63
1759857917.9952133,63
1759857918.098573,63
1759857918.20196,63
1759857918.3053474,64
1759857918.4086277,63
1759857918.5117834,62
1759857918.6150613,63
1759857918.718494,63
1759857918.8218389,63
1759857918.9252295,63
1759857919.02857,63
1759857919.1319883,63
1759857919.235408,64
1759857919.3387709,63
1759857919.4437406,63
1759857919.5471127,63
1759857919.6505468,64
1759857919.7539527,63
1759857919.8572044,64
1759857919.9605234,63
1759857920.0638828,63
1759857920.167382,63
1759857920.270785,63
1759857920.3741653,63
1759857920.4776328,62
1759857920.5810084,63
1759857920.6844635,63
1759857920.787848,64
1759857920.8911953,64
1759857920.9946136,63
1759857921.0979588,63
1759857921.2014394,64
1759857921.304826,64
1759857921.40816,63
1759857921.5115407,63
1759857921.6148221,63
1759857921.7182052,63
1759857921.8215392,63
1759857921.9248102,63
1759857922.028135,62
1759857922.1315374,63
1759857922.234935,63
1759857922.3383057,64
1759857922.4416366,63
1759857922.5449314,63
1759857922.6483204,63
1759857922.7517512,64
1759857922.8550663,64
1759857922.958408,63
1759857923.0617204,63
1759857923.165091,63
1759857923.2683973,64
1759857923.3719761,64
1759857923.4753585,63
1759857923.5786998,63
1759857923.682075,63
1759857923.7854207,63
1759857923.8888154,64
1759857923.9921944,63
1759857924.0956004,64
1759857924.1989083,63
1759857924.3024337,64
1759857924.4057622,64
1759857924.5091255,63
1759857924.6125064,63
1759857924.7160459,63
1759857924.8193593,64
1759857924.9227126,64
1759857925.02606,63
1759857925.1295028,63
1759857925.2329934,64
1759857925.336376,64
1759857925.439792,64
1759857925.5431461,63
1759857925.6466227,64
1759857925.7500045,64
1759857925.853326,63
1759857925.9567795,63
1759857926.0601237,63
1759857926.1635864,63
1759857926.266877,64
1759857926.3702586,63
1759857926.473617,64
1759857926.5770085,64
1759857926.680305,64
1759857926.7837427,64
1759857926.8870666,64
1759857926.9903667,64
1759857927.0935998,63
1759857927.19691,64
1759857927.3002083,64
1759857927.4035468,64
1759857927.5068011,64
1759857927.610126,63
1759857927.713502,64
1759857927.816882,65
1759857927.9202142,64
1759857928.0235868,64
1759857928.126916,64
1759857928.2302287,64
1759857928.3335845,64
1759857928.4369664,64
1759857928.5402634,63
1759857928.6436963,63
1759857928.7470922,63
1759857928.8504364,64
1759857928.9538293,64
1759857929.0571842,64
1759857929.1605868,63
1759857929.2640052,64
1759857929.3674102,64
1759857929.4708097,64
1759857929.5740695,63
1759857929.6773863,63
1759857929.7811327,64
1759857929.8848326,64
1759857929.9880857,64
1759857930.0918667,63
1759857930.1956897,63
1759857930.2990072,64
1759857930.402701,64
1759857930.5064106,64
1759857930.609652,63
1759857930.713414,63
1759857930.8168612,64
1759857930.9200246,64
1759857931.0237417,64
1759857931.1272876,63
1759857931.2311468,64
1759857931.3349006,64
1759857931.4385867,63
1759857931.5422096,63
1759857931.645933,63
1759857931.7496743,64
1759857931.8530617,64
1759857931.956421,63
1759857932.059847,63
1759857932.1632414,64
1759857932.2667074,64
1759857932.3701835,64
1759857932.4733803,63
1759857932.5767128,63
1759857932.6800995,64
1759857932.7833,63
1759857932.8869948,60
1759857932.9916868,63
1759857933.0954971,64
1759857933.1988416,63
1759857933.302553,64
1759857933.406261,64
1759857933.5099988,64
1759857933.6137278,64
1759857933.7174907,64
1759857933.8211894,64
1759857933.9248693,64
1759857934.0285602,64
1759857934.1319482,65
1759857934.2355845,65
1759857934.339186,64
1759857934.442674,64
1759857934.546136,64
1759857934.6497383,65
1759857934.7530346,65
1759857934.8564138,64
1759857934.959849,64
1759857935.0631502,64
1759857935.1666076,64
1759857935.2700994,65
1759857935.3736966,64
1759857935.4772546,64
1759857935.5805337,65
1759857935.6839411,64
1759857935.787198,63
1759857935.8905368,64
1759857935.994022,63
1759857936.0976646,64
1759857936.2013202,64
1759857936.3048565,64
1759857936.4083416,63
1759857936.511729,64
1759857936.6152065,64
1759857936.7186975,65
1759857936.8221736,64
1759857936.9255223,65
1759857937.0289097,65
1759857937.132113,65
1759857937.2354004,65
1759857937.338575,64
1759857937.4419966,64
1759857937.545339,64
1759857937.6486728,65
1759857937.7521336,64
1759857937.8555245,64
1759857937.9587266,63
1759857938.0619035,64
1759857938.1653917,64
1759857938.2687373,64
1759857938.3721309,64
1759857938.4755404,64
1759857938.5788922,64
1759857938.6822767,64
1759857938.785659,65
1759857938.8890092,64
1759857938.992234,64
1759857939.0956392,65
1759857939.1990347,65
1759857939.3024056,64
1759857939.4057708,64
1759857939.510551,64
1759857939.6139305,65
1759857939.7173104,65
1759857939.8207765,65
1759857939.9241455,64
1759857940.027358,64
1759857940.130733,65
1759857940.234046,64
1759857940.3373506,64
1759857940.440727,64
1759857940.5440617,65
1759857940.647412,64
1759857940.7507858,65
1759857940.8544137,64
1759857940.9580593,64
1759857941.061453,64
1759857941.164864,65
1759857941.2682555,64
1759857941.3717945,64
1759857941.4751587,64
1759857941.5785644,65
1759857941.681874,65
1759857941.785201,64
1759857941.8884876,64
1759857941.9918718,64
1759857942.0952628,64
1759857942.1987417,64
1759857942.3022313,63
1759857942.4056616,64
1759857942.508996,65
1759857942.6123455,65
1759857942.7158017,64
1759857942.8191476,64
1759857942.9225364,63
1759857943.0259118,64
1759857943.1293547,65
1759857943.232719,64
1759857943.3359678,64
1759857943.439245,64
1759857943.54254,63
1759857943.645903,65
1759857943.749295,65
1759857943.8526218,64
1759857943.9559617,64
1759857944.0592828,64
1759857944.162661,64
1759857944.2660465,65
1759857944.3693035,64
1759857944.4725342,64
1759857944.5759196,64
1759857944.6791408,64
1759857944.7825422,65
1759857944.8858225,64
1759857944.9890666,64
1759857945.0923991,64
1759857945.1958916,64
1759857945.2993598,64
1759857945.4027498,64
1759857945.5062215,63
1759857945.6097481,64
1759857945.7132607,65
1759857945.8168778,64
1759857945.9204197,63
1759857946.023859,63
1759857946.127227,65
1759857946.230749,64
1759857946.3341362,64
1759857946.4375346,64
1759857946.5409293,64
1759857946.6442847,64
1759857946.7476683,64
1759857946.8508654,64
1759857946.9540854,64
1759857947.0572517,64
1759857947.1604416,64
1759857947.2637975,65
1759857947.3670037,64
1759857947.4703028,64
1759857947.5734735,63
1759857947.6766922,64
1759857947.780051,65
1759857947.8832214,64
1759857947.9864972,64
1759857948.089653,64
1759857948.192965,65
1759857948.29618,65
1759857948.399668,64
1759857948.5030007,64
1759857948.606336,64
1759857948.7097878,64
1759857948.813152,64
1759857948.9166393,64
1759857949.0200284,64
1759857949.1233697,64
1759857949.2268558,65
1759857949.3302362,65
1759857949.4336414,64
1759857949.5368948,64
1759857949.6402957,64
1759857949.7440257,65
1759857949.847537,65
1759857949.951151,64
1759857950.0545373,64
1759857950.1580591,64
1759857950.261637,65
1759857950.3651247,65
1759857950.4685583,65
1759857950.5720992,64
1759857950.6756308,65
1759857950.7792594,65
1759857950.882764,64
1759857950.986246,64
1759857951.0898063,64
1759857951.1932878,64
1759857951.2969022,65
1759857951.4004295,64
1759857951.504118,64
1759857951.6073728,65
1759857951.710733,65
1759857951.8139617,65
1759857951.917325,64
1759857952.0206614,64
1759857952.1239269,65
1759857952.2272336,65
1759857952.3304827,65
1759857952.4337595,65
1759857952.536909,64
1759857952.640073,65
1759857952.7433538,65
1759857952.8465264,65
1759857952.9497414,64
1759857953.053034,64
1759857953.1564019,64
1759857953.25978,65
1759857953.3630295,64
1759857953.4664896,64
1759857953.5698485,63
1759857953.673224,64
1759857953.7766633,64
1759857953.8800266,65
1759857953.98346,64
1759857954.0868409,63
1759857954.1902673,64
1759857954.2937427,65
1759857954.397109,64
1759857954.5005114,64
1759857954.6038942,64
1759857954.7072775,64
1759857954.8107486,65
1759857954.9140975,65
1759857955.0175176,64
1759857955.1208315,64
1759857955.2241654,65
1759857955.327521,65
1759857955.430745,64
1759857955.5340621,64
1759857955.6373863,64
1759857955.7407386,64
1759857955.8441072,64
1759857955.9474688,64
1759857956.0507925,64
1759857956.15414,64
1759857956.2575548,64
1759857956.3609703,64
1759857956.4642158,64
1759857956.5676248,64
1759857956.6709626,64
1759857956.7743404,64
1759857956.877718,65
1759857956.9810307,64
1759857957.0843592,64
1759857957.1877222,64
1759857957.2911193,65
1759857957.3945568,65
1759857957.4979079,64
1759857957.6012769,63
1759857957.7048457,64
1759857957.8083177,65
1759857957.9117715,65
1759857958.0151434,64
1759857958.1184936,64
1759857958.2220182,65
1759857958.325571,65
1759857958.4290798,64
1759857958.5324557,64
1759857958.6357791,64
1759857958.7391713,64
1759857958.842572,64
1759857958.9460695,65
1759857959.049351,63
1759857959.1528056,64
1759857959.2562249,64
1759857959.359666,64
1759857959.4631586,64
1759857959.5681994,64
1759857959.6715536,65
1759857959.7748609,65
1759857959.8782523,64
1759857959.9817772,64
1759857960.0851545,64
1759857960.188545,64
1759857960.2919452,65
1759857960.3955328,64
1759857960.498859,64
1759857960.6022108,64
1759857960.7055063,64
1759857960.8089464,65
1759857960.9123695,65
1759857961.0159373,64
1759857961.1194408,64
1759857961.2228534,65
1759857961.3261428,65
1759857961.4294138,64
1759857961.5329268,64
1759857961.6363277,65
1759857961.739765,65
1759857961.8431323,65
1759857961.946513,64
1759857962.050026,64
1759857962.1534102,65
1759857962.2568686,65
1759857962.3602355,65
1759857962.4635837,64
1759857962.5668402,64
1759857962.6703792,64
1759857962.7738595,65
1759857962.8772213,65
1759857962.9805708,65
1759857963.083867,64
1759857963.1871445,65
1759857963.290477,65
1759857963.393736,65
1759857963.496921,63
1759857963.6001701,63
1759857963.7035134,64
1759857963.806879,62
1759857963.9107714,59
1759857964.0157893,64
1759857964.1192093,64
1759857964.2227993,65
1759857964.326206,65
1759857964.4295743,64
1759857964.5330203,64
1759857964.6363747,65
1759857964.7398548,65
1759857964.8431938,65
1759857964.9465876,65
1759857965.049982,65
1759857965.1533358,65
1759857965.2568932,66
1759857965.3603106,65
1759857965.463754,65
1759857965.5670962,65
1759857965.6703432,66
1759857965.7736244,65
1759857965.8768618,66
1759857965.980137,65
1759857966.0835207,65
1759857966.186869,65
1759857966.290168,65
1759857966.3936145,65
1759857966.496994,65
1759857966.600463,65
1759857966.7038567,65
1759857966.8078196,66
1759857966.9111867,65
1759857967.0149426,65
1759857967.118362,65
1759857967.2218394,66
1759857967.3251033,66
1759857967.4283462,66
1759857967.5317276,65
1759857967.6350384,66
1759857967.7384148,66
1759857967.841805,66
1759857967.9451263,66
1759857968.0484653,66
1759857968.1517534,66
1759857968.25514,66
1759857968.358532,66
1759857968.4617696,66
1759857968.5651066,65
1759857968.6684163,64
1759857968.7718804,65
1759857968.8752983,65
1759857968.9787502,65
1759857969.082047,66
1759857969.1853883,65
1759857969.2888768,66
1759857969.3922112,66
1759857969.495612,66
1759857969.598935,66
1759857969.7022657,66
1759857969.8055682,66
1759857969.9088755,66
1759857970.0122118,66
1759857970.1155884,65
1759857970.2189658,66
1759857970.3223155,66
1759857970.4256792,66
1759857970.5290387,65
1759857970.6322796,65
1759857970.7356706,65
1759857970.8389294,65
1759857970.9422724,65
1759857971.0455847,65
1759857971.1489692,65
1759857971.2524002,66
1759857971.3558428,65
1759857971.4591393,65
1759857971.5625122,65
1759857971.6658676,64
1759857971.769217,65
1759857971.8724737,65
1759857971.9757411,65
1759857972.0790617,65
1759857972.1823988,65
1759857972.2858145,65
1759857972.3891463,66
1759857972.4924538,66
1759857972.5958195,65
1759857972.699037,65
1759857972.8024268,66
1759857972.9058304,66
1759857973.0091236,65
1759857973.112444,65
1759857973.2159493,65
1759857973.3192408,66
1759857973.422653,66
1759857973.5259655,65
1759857973.6292675,65
1759857973.7326508,65
1759857973.8359861,66
1759857973.9394937,61
1759857974.044387,64
1759857974.1479075,64
1759857974.2517767,65
1759857974.355596,66
1759857974.4588847,65
1759857974.5622752,65
1759857974.6656487,65
1759857974.7690444,66
1759857974.8723793,66
1759857974.9759989,65
1759857975.0796905,65
1759857975.1830957,65
1759857975.286813,66
1759857975.3903358,66
1759857975.493895,65
1759857975.5973904,65
1759857975.7009804,66
1759857975.8045025,66
1759857975.9079542,66
1759857976.0111048,65
1759857976.114361,65
1759857976.2179437,66
1759857976.3215358,66
1759857976.4248476,66
1759857976.5280468,65
1759857976.6313078,65
1759857976.7345448,65
1759857976.8377895,66
1759857976.9412136,65
1759857977.0444052,65
1759857977.147869,66
1759857977.2513897,66
1759857977.354776,66
1759857977.4581838,65
1759857977.5615182,65
1759857977.6650136,65
1759857977.7684228,65
1759857977.8718088,66
1759857977.9751992,65
1759857978.0785768,65
1759857978.1820135,65
1759857978.2854116,66
1759857978.388795,66
1759857978.4922063,65
1759857978.5956032,65
1759857978.6989522,65
1759857978.8024466,66
1759857978.905836,66
1759857979.0091789,65
1759857979.112427,65
1759857979.2159352,66
1759857979.319356,67
1759857979.422692,65
1759857979.526062,65
1759857979.6308873,66
1759857979.7342904,67
1759857979.8375232,66
1759857979.9409347,65
1759857980.044263,66
1759857980.1475935,67
1759857980.2509148,67
1759857980.3546138,67
1759857980.4579847,66
1759857980.5612378,66
1759857980.6644912,67
1759857980.7679253,67
1759857980.8712726,66
1759857980.9746258,66
1759857981.0779667,66
1759857981.1812804,67
1759857981.2846336,68
1759857981.3879619,67
1759857981.4913034,66
1759857981.5946648,66
1759857981.697931,67
1759857981.8013113,67
1759857981.9046566,67
1759857982.0079687,66
1759857982.111307,66
1759857982.214816,67
1759857982.3181832,67
1759857982.4215117,67
1759857982.524893,67
1759857982.6281905,67
1759857982.73149,67
1759857982.8347495,68
1759857982.9380717,67
1759857983.0413783,67
1759857983.144775,67
1759857983.2481751,67
1759857983.3515954,67
1759857983.454903,67
1759857983.5582156,66
1759857983.661522,66
1759857983.7649477,67
1759857983.8682241,68
1759857983.9715817,67
1759857984.0748887,67
1759857984.1781008,67
1759857984.2814863,67
1759857984.3848073,67
1759857984.488148,67
1759857984.591526,66
1759857984.6948397,67
1759857984.7982173,66
1759857984.9015372,68
1759857985.0048814,67
1759857985.1082015,66
1759857985.211575,67
1759857985.3149378,67
1759857985.4181848,67
1759857985.5215087,66
1759857985.6248505,66
1759857985.7281039,67
1759857985.8315425,67
1759857985.9349322,67
1759857986.03814,66
1759857986.141458,67
1759857986.2449055,67
1759857986.3481426,67
1759857986.4515195,67
1759857986.5548217,67
1759857986.6581442,66
1759857986.761526,67
1759857986.86491,67
1759857986.9681401,67
1759857987.0715358,66
1759857987.1749,66
1759857987.2782571,67
1759857987.3815594,67
1759857987.4849267,67
1759857987.5882251,67
1759857987.6916027,66
1759857987.7949677,67
1759857987.8982892,66
1759857988.0016117,67
1759857988.1049838,66
1759857988.2083533,67
1759857988.3117008,67
1759857988.4150033,67
1759857988.5183344,66
1759857988.6216297,66
1759857988.7249732,66
1759857988.828351,66
1759857988.9317138,67
1759857989.0350132,67
1759857989.1383426,66
1759857989.2416542,66
1759857989.345042,67
1759857989.4483967,67
1759857989.551768,67
1759857989.655145,67
1759857989.7585826,66
1759857989.861875,66
1759857989.9652183,67
1759857990.0685842,67
1759857990.1718802,66
1759857990.2752445,66
1759857990.3786173,66
1759857990.4819138,66
1759857990.585255,67
1759857990.6885679,66
1759857990.7919374,66
1759857990.8952508,67
1759857990.9985073,67
1759857991.1018414,67
1759857991.2051618,66
1759857991.3085413,67
1759857991.4118643,67
1759857991.5151086,67
1759857991.6185014,66
1759857991.7218363,66
1759857991.8251956,66
1759857991.92854,67
1759857992.0318897,68
1759857992.1352527,67
1759857992.2385838,66
1759857992.3418608,66
1759857992.4451847,67
1759857992.5485177,67
1759857992.651799,66
1759857992.7550817,66
1759857992.8583333,67
1759857992.9616559,67
1759857993.06497,67
1759857993.1683493,67
1759857993.271779,66
1759857993.3751597,66
1759857993.478547,66
1759857993.5818813,67
1759857993.6851919,66
1759857993.7885716,66
1759857993.8918066,67
1759857993.9950588,67
1759857994.0982428,67
1759857994.2014942,66
1759857994.3047624,66
1759857994.408067,56
1759857994.5117674,67
1759857994.6151602,66
1759857994.7186859,67
1759857994.8219829,67
1759857994.9253337,67
1759857995.0287173,68
1759857995.1321175,68
1759857995.235766,67
1759857995.3391922,67
1759857995.442684,67
1759857995.5462425,67
1759857995.6496692,67
1759857995.7533193,67
1759857995.8568943,67
1759857995.9604664,68
1759857996.0640242,68
1759857996.167684,68
1759857996.2712066,68
1759857996.3748229,68
1759857996.478267,68
1759857996.581727,68
1759857996.6853251,67
1759857996.788897,67
1759857996.8924623,68
1759857996.9959757,68
1759857997.0995588,67
1759857997.2030692,67
1759857997.306664,67
1759857997.4099655,68
1759857997.513312,68
1759857997.616606,67
1759857997.7199614,67
1759857997.8233879,67
1759857997.926803,68
1759857998.0301955,67
1759857998.1337106,67
1759857998.23717,67
1759857998.3405845,67
1759857998.4439452,67
1759857998.5472875,67
1759857998.65058,66
1759857998.753925,66
1759857998.8573406,67
1759857998.9607067,67
1759857999.0641203,67
1759857999.167481,67
1759857999.2708104,67
1759857999.3740857,67
1759857999.4772518,68
1759857999.5805287,68
1759857999.6853282,66
1759857999.788647,66
1759857999.8919284,66
1759857999.9951782,67
1759858000.0985088,67
1759858000.2017648,66
1759858000.3051448,67
1759858000.4083776,67
1759858000.5115886,67
1759858000.614735,67
1759858000.7178812,67
1759858000.8211732,66
1759858000.9243279,67
1759858001.02805,67
1759858001.1312149,67
1759858001.2345018,66
1759858001.337787,67
1759858001.4415119,68
1759858001.5452807,67
1759858001.6487956,67
1759858001.7524233,67
1759858001.8557935,67
1759858001.9590778,67
1759858002.0622919,67
1759858002.165653,67
1759858002.268971,67
1759858002.3723264,67
1759858002.4757972,68
1759858002.5791228,67
1759858002.682682,66
1759858002.7862332,66
1759858002.8896317,68
1759858002.992956,68
1759858003.0961301,67
1759858003.1995285,66
1759858003.3028214,66
1759858003.4062934,67
1759858003.509595,67
1759858003.6129973,67
1759858003.716369,67
1759858003.8196862,66
1759858003.9231157,67
1759858004.0264158,66
1759858004.1298683,67
1759858004.233113,66
1759858004.336443,66
1759858004.439691,67
1759858004.5431373,66
1759858004.6464007,66
1759858004.7496414,66
1759858004.8529406,67
1759858004.9562035,67
1759858005.059579,67
1759858005.1629622,67
1759858005.2662468,66
1759858005.3695335,67
1759858005.4727376,68
1759858005.5759788,68
1759858005.67935,67
1759858005.7828193,67
1759858005.8862443,67
1759858005.9894674,67
1759858006.0927384,67
1759858006.195973,67
1759858006.2992306,67
1759858006.4029307,67
1759858006.506495,68
1759858006.6097057,68
1759858006.7129984,68
1759858006.8162732,67
1759858006.9195569,67
1759858007.0228677,67
1759858007.1261578,68
1759858007.2294493,67
1759858007.3328059,67
1759858007.436015,67
1759858007.5392203,67
1759858007.6424806,67
1759858007.7458131,66
1759858007.8491726,67
1759858007.9524295,67
1759858008.0557094,68
1759858008.1589284,68
1759858008.2622118,67
1759858008.3654122,67
1759858008.4687016,66
1759858008.57194,68
1759858008.6755981,67
1759858008.7788424,67
1759858008.882539,67
1759858008.9857373,67
1759858009.0893798,67
1759858009.1930861,68
1759858009.2963207,66
1759858009.4000661,66
1759858009.5034018,67
1759858009.6066482,67
1759858009.7099793,68
1759858009.8133323,67
1759858009.9165158,67
1759858010.0196805,67
1759858010.1229002,68
1759858010.2260911,68
1759858010.3293765,67
1759858010.4325747,66
1759858010.5358398,66
1759858010.6391134,68
1759858010.7423425,67
1759858010.8455951,67
1759858010.9488754,67
1759858011.0519977,67
1759858011.1552062,67
1759858011.2584589,67
1759858011.36176,67
1759858011.465039,67
1759858011.5682511,66
1759858011.6715302,68
1759858011.7747025,67
1759858011.8779562,67
1759858011.981111,67
1759858012.0843432,67
1759858012.1875918,67
1759858012.2908134,68
1759858012.3940508,67
1759858012.4973016,67
1759858012.6006472,66
1759858012.703988,67
1759858012.8073528,67
1759858012.9107106,66
1759858013.0139532,66
1759858013.1172042,66
1759858013.2204137,67
1759858013.3237054,67
1759858013.4269829,67
1759858013.5302474,67
1759858013.6334925,67
1759858013.7368293,67
1759858013.840205,67
1759858013.9436014,67
1759858014.046912,67
1759858014.1502674,67
1759858014.2536418,67
1759858014.3570192,67
1759858014.4602633,67
1759858014.5636263,67
1759858014.6669722,67
1759858014.770235,67
1759858014.8735235,67
1759858014.9769146,67
1759858015.0803118,67
1759858015.183616,66
1759858015.2870705,66
1759858015.390677,67
1759858015.4940767,67
1759858015.5972807,67
1759858015.7004893,67
1759858015.8037841,67
1759858015.9070127,67
1759858016.0104673,67
1759858016.1138365,67
1759858016.2171576,67
1759858016.3203492,67
1759858016.423564,68
1759858016.5267186,67
1759858016.630192,67
1759858016.7333362,67
1759858016.8365896,67
1759858016.9398346,67
1759858017.0430663,68
1759858017.1465094,67
1759858017.250034,66
1759858017.3532267,67
1759858017.456494,67
1759858017.5596626,67
1759858017.662891,66
1759858017.766027,67
1759858017.8693428,67
1759858017.972674,68
1759858018.0758982,67
1759858018.1791477,67
1759858018.282488,67
1759858018.3856797,67
1759858018.4889224,68
1759858018.5920877,68
1759858018.6953063,67
1759858018.7985353,68
1759858018.9017553,68
1759858019.0049205,68
1759858019.108152,68
1759858019.2113965,67
1759858019.314722,68
1759858019.4178772,68
1759858019.521089,67
1759858019.6242158,68
1759858019.728983,67
1759858019.8321772,67
1759858019.935485,68
1759858020.0386286,68
1759858020.1418707,68
1759858020.2450914,67
1759858020.3483677,68
1759858020.4515605,68
1759858020.554791,67
1759858020.6579342,68
1759858020.761186,67
1759858020.864449,67
1759858020.9677188,67
1759858021.070851,68
1759858021.174099,67
1759858021.2773612,66
1759858021.3807054,67
1759858021.48388,67
1759858021.587054,67
1759858021.6903872,67
1759858021.7936883,67
1759858021.896996,67
1759858022.0003633,67
1759858022.1036885,67
1759858022.2070491,67
1759858022.3103414,67
1759858022.413551,66
1759858022.5169373,67
1759858022.620194,66
1759858022.7235134,66
1759858022.8267996,67
1759858022.9300153,66
1759858023.033215,66
1759858023.1363568,67
1759858023.2396903,67
1759858023.3428938,66
1759858023.4461687,66
1759858023.5493157,66
1759858023.6524637,67
1759858023.755758,67
1759858023.85904,67
1759858023.962275,65
1759858024.0655725,66
1759858024.1689777,66
1759858024.2722015,66
1759858024.3755345,66
1759858024.4787388,66
1759858024.5820584,66
1759858024.6852171,66
1759858024.7884395,67
1759858024.8916795,66
1759858024.9949036,65
1759858025.0980785,65
1759858025.201246,62
1759858025.3051546,67
1759858025.4084432,66
1759858025.5117784,66
1759858025.6150706,66
1759858025.718237,67
1759858025.821509,67
1759858025.9247189,67
1759858026.0278952,67
1759858026.1310668,66
1759858026.2343552,66
1759858026.337544,67
1759858026.4407856,67
1759858026.5440185,67
1759858026.6471424,66
1759858026.7504387,66
1759858026.85368,67
1759858026.9569147,67
1759858027.0600414,67
1759858027.1632798,66
1759858027.266549,66
1759858027.3698313,67
1759858027.4729679,68
1759858027.576179,67
1759858027.6792936,67
1759858027.7825794,67
1759858027.885786,67
1759858027.989238,67
1759858028.0924044,67
1759858028.195727,67
1759858028.298956,67
1759858028.4023206,66
1759858028.5056496,67
1759858028.6088378,68
1759858028.7120807,67
1759858028.815381,67
1759858028.9187398,67
1759858029.021982,67
1759858029.125212,67
1759858029.228516,66
1759858029.3318243,67
1759858029.4350777,67
1759858029.5384192,67
1759858029.6416285,67
1759858029.7448716,66
1759858029.848193,67
1759858029.9514887,67
1759858030.0547147,67
1759858030.1579845,68
1759858030.261753,67
1759858030.365066,67
1759858030.4682474,67
1759858030.571965,68
1759858030.6751122,67
1759858030.7784095,66
1759858030.8817255,66
1759858030.9850209,67
1759858031.0882983,68
1759858031.1917365,67
1759858031.29499,67
1759858031.3983192,67
1759858031.5016387,67
1759858031.6048071,68
1759858031.7080896,67
1759858031.8113627,67
1759858031.914834,67
1759858032.0181394,67
1759858032.1215065,67
1759858032.2249756,67
1759858032.3283968,67
1759858032.431805,66
1759858032.5350554,66
1759858032.6384022,66
1759858032.7416434,67
1759858032.8449435,66
1759858032.9481196,67
1759858033.0513997,66
1759858033.1546583,67
1759858033.2580469,67
1759858033.3614187,67
1759858033.4646668,67
1759858033.5678954,67
1759858033.6710095,67
1759858033.774257,68
1759858033.8774674,68
1759858033.9807305,67
1759858034.0839632,67
1759858034.1873043,67
1759858034.2906415,67
1759858034.393853,67
1759858034.49714,66
1759858034.6004143,67
1759858034.7037652,67
1759858034.8070118,67
1759858034.9102862,67
1759858035.0136328,67
1759858035.1169076,66
1759858035.220131,66
1759858035.3235893,67
1759858035.4269245,67
1759858035.5302694,67
1759858035.6334467,67
1759858035.7368722,67
1759858035.8402452,67
1759858035.9437847,68
1759858036.04712,67
1759858036.1504517,67
1759858036.253719,66
1759858036.3569298,68
1759858036.4601529,68
1759858036.5633626,67
1759858036.666622,66
1759858036.7698033,66
1759858036.8730059,67
1759858036.9762175,67
1759858037.0794003,67
1759858037.1826336,64
1759858037.2862608,67
1759858037.3894777,67
1759858037.49317,67
1759858037.5966742,67
1759858037.700289,67
1759858037.803568,67
1759858037.906838,67
1759858038.0100455,66
1759858038.1132429,66
1759858038.216546,66
1759858038.3200073,66
1759858038.4233637,67
1759858038.526812,66
1759858038.6301131,66
1759858038.7333193,66
1759858038.8365061,66
1759858038.939781,67
1759858039.0429912,66
1759858039.1462204,66
1759858039.2495017,66
1759858039.353045,66
1759858039.4562492,66
1759858039.5595083,67
1759858039.6626363,67
1759858039.7673855,66
1759858039.8705833,66
1759858039.9737911,67
1759858040.0769572,66
1759858040.1802158,67
1759858040.283597,66
1759858040.386989,66
1759858040.4902143,67
1759858040.5934365,67
1759858040.696727,67
1759858040.7999265,66
1759858040.9032187,66
1759858041.006387,67
1759858041.1096957,67
1759858041.213085,67
1759858041.3163555,66
1759858041.4198139,66
1759858041.523247,67
1759858041.626504,67
1759858041.7297695,67
1759858041.832958,66
1759858041.9361799,66
1759858042.0393553,67
1759858042.1425786,67
1759858042.2460127,67
1759858042.3492804,67
1759858042.4525275,67
1759858042.5557396,67
1759858042.6589317,67
1759858042.762153,66
1759858042.8653445,67
1759858042.9685612,66
1759858043.072046,67
1759858043.1756246,67
1759858043.2790349,67
1759858043.3824365,67
1759858043.4856856,67
1759858043.5889406,67
1759858043.692253,68
1759858043.795552,68
1759858043.8988342,67
1759858044.0021415,66
1759858044.1056185,67
1759858044.208847,67
1759858044.3121212,67
1759858044.4154058,67
1759858044.518862,66
1759858044.6220634,67
1759858044.7252402,67
1759858044.8285847,67
1759858044.9318755,66
1759858045.0351238,67
1759858045.1384728,65
1759858045.2420518,67
1759858045.3456254,67
1759858045.4490528,67
1759858045.552385,66
1759858045.655809,67
1759858045.7591617,67
1759858045.8625076,67
1759858045.965943,67
1759858046.0692892,66
1759858046.1726816,67
1759858046.2760687,67
1759858046.3793008,67
1759858046.4827943,66
1759858046.5859644,66
1759858046.6892498,66
1759858046.7924998,67
1759858046.89596,67
1759858046.9992113,66
1759858047.1025932,60
1759858047.2060664,58
1759858047.3093932,60
1759858047.4128325,60
1759858047.5162165,61
1759858047.6196525,61
1759858047.7229214,60
1759858047.826289,60
1759858047.9297135,61
1759858048.0331297,61
1759858048.1365132,60
1759858048.2399278,60
1759858048.343235,61
1759858048.4465523,60
1759858048.5499144,61
1759858048.6531904,60
1759858048.756523,60
1759858048.8598182,47
1759858048.9630475,60
1759858049.0662796,59
1759858049.1695297,60
1759858049.2729588,60
1759858049.3763714,60
1759858049.4798179,60
1759858049.583148,60
1759858049.68656,60
1759858049.7898731,60
1759858049.8932273,61
1759858049.9965515,60
1759858050.0998828,60
1759858050.203195,60
1759858050.3065412,60
1759858050.4099138,60
1759858050.5132368,60
1759858050.61655,60
1759858050.719899,60
1759858050.823226,60
1759858050.9266102,61
1759858051.0299218,61
1759858051.1332574,60
1759858051.236616,60
1759858051.3399127,61
1759858051.4432342,61
1759858051.5466418,60
1759858051.6500459,60
1759858051.7533696,60
1759858051.8567872,59
1759858051.9601035,60
1759858052.0633426,60
1759858052.1666865,60
1759858052.2700589,60
1759858052.373425,59
1759858052.4768102,60
1759858052.5801225,60
1759858052.683488,59
1759858052.7867377,59
1759858052.8901136,59
1759858052.99343,60
1759858053.0966985,60
1759858053.200038,60
1759858053.3034718,60
1759858053.406843,59
1759858053.510188,60
1759858053.6134894,60
1759858053.7168586,60
1759858053.8201067,59
1759858053.9235218,60
1759858054.0268297,60
1759858054.1301386,60
1759858054.2335198,60
1759858054.3369505,59
1759858054.4402947,59
1759858054.543711,59
1759858054.6470191,60
1759858054.750231,59
1759858054.8536305,58
1759858054.9569743,58
1759858055.060251,59
1759858055.1636405,60
1759858055.2670367,60
1759858055.370263,59
1759858055.4734483,59
1759858055.5767167,60
1759858055.6799393,59
1759858055.7830946,60
1759858055.8863823,59
1759858055.98956,55
1759858056.0928488,58
1759858056.1970217,58
1759858056.3004885,60
1759858056.404116,60
1759858056.5073602,59
1759858056.6107304,60
1759858056.7143826,60
1759858056.8180335,60
1759858056.9218059,60
1759858057.025422,59
1759858057.1291814,59
1759858057.2328718,60
1759858057.3365235,58
1759858057.44009,58
1759858057.5437891,57
1759858057.64749,57
1759858057.7510853,56
1759858057.8547807,54
1759858057.9579313,53
1759858058.0615647,53
1759858058.1651287,53
1759858058.2688692,53
1759858058.3725672,52
1759858058.4759247,53
1759858058.579243,53
1759858058.682659,53
1759858058.785995,53
1759858058.8893635,53
1759858058.992811,54
1759858059.096236,56
1759858059.1997278,56
1759858059.3031874,55
1759858059.406622,55
1759858059.5099714,55
1759858059.6132715,56
1759858059.716378,54
1759858059.8211052,54
1759858059.9242985,55
1759858060.0275645,53
1759858060.130766,54
1759858060.2341447,54
1759858060.3372998,53
1759858060.4407878,52
1759858060.5441642,51
1759858060.6475258,52
1759858060.7509005,55
1759858060.8542862,56
1759858060.9577024,56
1759858061.0610425,57
1759858061.1643896,58
1759858061.2678938,58
1759858061.3712246,58
1759858061.4745708,57
1759858061.5778122,59
1759858061.6812742,58
1759858061.7846224,59
1759858061.888061,59
1759858061.9912941,0
1759858062.0945652,1
1759858062.1977775,1
1759858062.3010588,1
1759858062.404454,0
1759858062.5078347,0
1759858062.6112163,0
1759858062.7145667,0
1759858062.817981,0
1759858062.9213598,51
1759858063.0247428,52
1759858063.1281614,53
1759858063.2316704,55
1759858063.334988,55
1759858063.4384594,54
1759858063.5418344,21
1759858063.6452317,26
1759858063.7485452,52
1759858063.8517885,53
1759858063.9550178,53
1759858064.0582497,53
1759858064.1615002,55
1759858064.2648394,55
1759858064.3682218,56
1759858064.4716215,56
1759858064.5749283,57
1759858064.6782513,57
1759858064.781571,57
1759858064.8849645,57
1759858064.9882927,57
1759858065.0916812,57
1759858065.1949387,57
1759858065.2983227,40
1759858065.4016068,1078
1759858065.5048695,2047
1759858065.608111,2047
1759858065.7112832,2037
1759858065.8145554,0
1759858065.9177575,125
1759858066.0209916,135
1759858066.124388,142
1759858066.2277496,118
1759858066.3311086,116
1759858066.4348629,113
1759858066.5382822,110
1759858066.6417146,117
1759858066.7450404,118
1759858066.8484273,120
1759858066.9517944,107
1759858067.0550318,107
1759858067.158467,109
1759858067.261886,111
1759858067.3653607,115
1759858067.4687696,117
1759858067.5721,120
1759858067.6754878,118
1759858067.778936,117
1759858067.8822095,114
1759858067.9854705,114
1759858068.0887804,113
1759858068.192057,113
1759858068.2952652,112
1759858068.3987725,113
1759858068.5020823,112
1759858068.60538,109
1759858068.7087991,110
1759858068.8121557,108
1759858068.915591,110
1759858069.0189407,106
1759858069.1222837,110
1759858069.22558,107
1759858069.3288832,107
1759858069.4322448,107
1759858069.5357463,107
1759858069.6390994,102
1759858069.7424695,101
1759858069.84584,100
1759858069.9492867,105
1759858070.052725,107
1759858070.1562128,106
1759858070.2596414,106
1759858070.3629887,105
1759858070.4663424,105
1759858070.569694,105
1759858070.6730134,106
1759858070.776412,104
1759858070.879826,102
1759858070.9831514,102
1759858071.0864055,101
1759858071.189785,98
1759858071.293144,96
1759858071.3964243,90
1759858071.4998105,93
1759858071.6031258,91
1759858071.7065,90
1759858071.8098562,89
1759858071.913257,90
1759858072.0166032,90
1759858072.1199427,88
1759858072.223342,90
1759858072.3267052,89
1759858072.429991,90
1759858072.5333164,90
1759858072.6367133,92
1759858072.739924,94
1759858072.8431342,94
1759858072.9464414,95
1759858073.0496423,94
1759858073.1528058,97
1759858073.2561147,98
1759858073.3593638,97
1759858073.4626317,95
1759858073.5657954,98
1759858073.6689365,88
1759858073.7721856,91
1759858073.8753936,84
1759858073.9787526,93
1759858074.0820148,97
1759858074.1853902,88
1759858074.2889328,90
1759858074.3923779,89
1759858074.4959874,88
1759858074.599347,87
1759858074.7025661,87
1759858074.8057067,88
1759858074.9092126,87
1759858075.0124784,87
1759858075.1158812,89
1759858075.2192852,89
1759858075.3226829,88
1759858075.4262073,88
1759858075.5295985,88
1759858075.6331615,90
1759858075.736365,89
1759858075.8397691,89
1759858075.9430494,89
1759858076.0463607,88
1759858076.1496134,89
1759858076.2530143,89
1759858076.3563683,91
1759858076.4596748,89
1759858076.5629807,89
1759858076.666253,91
1759858076.7695742,92
1759858076.8729608,90
1759858076.976397,90
1759858077.0796316,92
1759858077.1827984,91
1759858077.285973,93
1759858077.3892698,92
1759858077.4924185,92
1759858077.595681,91
1759858077.6988218,91
1759858077.8022556,91
1759858077.905631,91
1759858078.0089629,91
1759858078.1123512,89
1759858078.21583,91
1759858078.3192449,92
1759858078.4227233,93
1759858078.5260382,92
1759858078.6294453,90
1759858078.732887,90
1759858078.8362906,91
1759858078.9396968,91
1759858079.0432634,90
1759858079.1471448,92
1759858079.2506669,92
1759858079.3540907,92
1759858079.4575455,92
1759858079.560941,91
1759858079.6642704,91
1759858079.7677307,92
1759858079.8725724,92
1759858079.9759822,91
1759858080.0793567,89
1759858080.1827316,89
1759858080.2861867,90
1759858080.3895564,89
1759858080.4929852,89
1759858080.5964417,89
1759858080.6997974,90
1759858080.8031943,88
1759858080.906629,88
1759858081.0099714,89
1759858081.1133935,89
1759858081.2168696,90
1759858081.3203235,91
1759858081.4237642,91
1759858081.5271268,89
1759858081.6305914,90
1759858081.7339048,91
1759858081.837325,91
1759858081.9407673,91
1759858082.0440865,90
1759858082.1475453,89
1759858082.2509441,90
1759858082.3542714,90
1759858082.4576406,88
1759858082.5608776,91
1759858082.6642704,91
1759858082.7676396,91
1759858082.870852,92
1759858082.9742057,94
1759858083.07755,95
1759858083.1808527,95
1759858083.2842128,94
1759858083.387681,95
1759858083.4909542,94
1759858083.5943325,95
1759858083.6976666,94
1759858083.8008907,94
1759858083.9042842,96
1759858084.0076523,96
1759858084.1109788,94
1759858084.2144148,94
1759858084.317839,95
1759858084.421188,96
1759858084.5245488,95
1759858084.6277974,96
1759858084.7310083,96
1759858084.834181,96
1759858084.9375613,96
1759858085.0409153,97
1759858085.144271,96
1759858085.2476048,96
1759858085.3510153,96
1759858085.4543114,97
1759858085.5576065,97
1759858085.6609755,97
1759858085.7644603,96
1759858085.8678117,95
1759858085.9711933,96
1759858086.0745869,97
1759858086.177941,96
1759858086.2812579,96
1759858086.3845294,97
1759858086.487737,96
1759858086.5909994,96
1759858086.694553,96
1759858086.7981,89
1759858086.9025848,97
1759858087.0059237,94
1759858087.1111019,92
1759858087.2150748,93
1759858087.3186412,96
1759858087.422109,97
1759858087.5254889,97
1759858087.6288836,97
1759858087.73225,97
1759858087.835716,98
1759858087.9391851,98
1759858088.0425534,98
1759858088.145919,96
1759858088.24939,97
1759858088.3527865,98
1759858088.4562857,98
1759858088.559576,99
1759858088.6629148,99
1759858088.7662513,97
1759858088.8694828,98
1759858088.9727795,98
1759858089.0759346,98
1759858089.1794097,98
1759858089.2826166,97
1759858089.3858328,97
1759858089.4890394,99
1759858089.5922298,99
1759858089.6953523,99
1759858089.7986028,98
1759858089.9017951,97
1759858090.0050302,98
1759858090.108591,98
1759858090.2119393,98
1759858090.3154082,98
1759858090.4188855,97
1759858090.5222774,96
1759858090.6256993,98
1759858090.7291274,98
1759858090.8324645,97
1759858090.935883,97
1759858091.0391424,99
1759858091.1425183,97
1759858091.2459164,98
1759858091.349149,99
1759858091.452616,98
1759858091.5559082,98
1759858091.6594155,99
1759858091.7627501,99
1759858091.8660898,97
1759858091.9694898,98
1759858092.0728798,99
1759858092.1762037,99
1759858092.2796307,98
1759858092.3829932,97
1759858092.4863756,98
1759858092.5896075,98
1759858092.692971,99
1759858092.796271,99
1759858092.8996224,98
1759858093.002987,98
1759858093.106331,99
1759858093.209719,99
1759858093.313074,98
1759858093.4164956,100
1759858093.5198562,100
1759858093.6231685,100
1759858093.7264516,100
1759858093.8298247,100
1759858093.9332216,99
1759858094.0365167,100
1759858094.1398566,100
1759858094.2432473,99
1759858094.3466282,99
1759858094.4500043,99
1759858094.553333,98
1759858094.656623,99
1759858094.759947,99
1759858094.8632298,100
1759858094.966642,97
1759858095.0699284,97
1759858095.1732736,98
1759858095.2766519,99
1759858095.3800216,98
1759858095.4833927,97
1759858095.586711,97
1759858095.6900244,99
1759858095.7934046,101
1759858095.8968008,101
1759858096.000209,100
1759858096.1035073,99
1759858096.2067883,100
1759858096.3101618,100
1759858096.4135163,99
1759858096.5168662,99
1759858096.6201997,99
1759858096.7235787,98
1759858096.8268993,98
1759858096.9302769,99
1759858097.0335813,99
1759858097.1369374,100
1759858097.2403858,95
1759858097.3445764,100
1759858097.447974,100
1759858097.5513024,100
1759858097.654643,99
1759858097.7578983,100
1759858097.861274,100
1759858097.9646463,99
1759858098.068002,98
1759858098.1715944,98
1759858098.2750232,99
1759858098.3784084,99
1759858098.4817522,98
1759858098.5851123,97
1759858098.6886055,97
1759858098.791951,97
1759858098.895241,97
1759858098.9986813,98
1759858099.102009,99
1759858099.2054243,98
1759858099.3088098,98
1759858099.4123356,98
1759858099.5157537,97
1759858099.619054,98
1759858099.722364,96
1759858099.825683,97
1759858099.9305725,97
1759858100.0338326,99
1759858100.1371648,98
1759858100.2405293,99
1759858100.3438728,99
1759858100.4472377,100
1759858100.5506246,99
1759858100.6539352,99
1759858100.7573168,99
1759858100.8607457,99
1759858100.9640517,100
1759858101.0673013,99
1759858101.170727,100
1759858101.2742693,100
1759858101.3777013,100
1759858101.4810843,100
1759858101.5845225,100
1759858101.6878667,100
1759858101.7910974,99
1759858101.8944755,100
1759858101.997857,101
1759858102.1009853,100
1759858102.2042313,97
1759858102.3074722,99
1759858102.4106884,100
1759858102.5139647,101
1759858102.6172233,98
1759858102.720569,100
1759858102.8240547,101
1759858102.9275088,101
1759858103.0308511,102
1759858103.134193,100
1759858103.2375948,101
1759858103.3410594,101
1759858103.4444413,101
1759858103.5478692,100
1759858103.6516516,99
1759858103.7552652,99
1759858103.8590477,99
1759858103.9627557,98
1759858104.0663898,98
1759858104.169925,100
1759858104.2736669,100
1759858104.377402,100
1759858104.4811773,101
1759858104.5844884,101
1759858104.6882334,100
1759858104.7919495,98
1759858104.8952606,100
1759858104.9989817,99
1759858105.102583,98
1759858105.2060702,98
1759858105.3097432,100
1759858105.413389,100
1759858105.5171258,100
1759858105.6203563,97
1759858105.7237191,99
1759858105.827135,100
1759858105.9305496,99
1759858106.0339704,98
1759858106.1373074,97
1759858106.2407498,99
1759858106.3440773,101
1759858106.4475822,100
1759858106.5509958,99
1759858106.6543412,100
1759858106.757785,101
1759858106.8611472,101
1759858106.9645298,99
1759858107.0679338,100
1759858107.1713016,98
1759858107.2747989,99
1759858107.3781364,99
1759858107.481702,99
1759858107.5851228,99
1759858107.6885285,100
1759858107.7923448,100
1759858107.895825,101
1759858107.9992106,100
1759858108.1026049,99
1759858108.206029,101
1759858108.3094769,101
1759858108.4130657,100
1759858108.5164547,100
1759858108.619922,101
1759858108.7232869,101
1759858108.8266726,98
1759858108.9303157,99
1759858109.0337746,101
1759858109.1374495,101
1759858109.240992,100
1759858109.344574,100
1759858109.4480646,102
1759858109.5514648,101
1759858109.6547925,100
1759858109.7580326,101
1759858109.8613722,101
1759858109.9648197,101
1759858110.068181,101
1759858110.1715715,100
1759858110.2749612,100
1759858110.3783123,101
1759858110.4816415,99
1759858110.58505,99
1759858110.688486,99
1759858110.791786,98
1759858110.895138,100
1759858110.9985988,99
1759858111.1019042,98
1759858111.2053483,98
1759858111.3088806,100
1759858111.412249,100
1759858111.515745,99
1759858111.619171,99
1759858111.7225635,100
1759858111.825955,99
1759858111.9293737,99
1759858112.0328588,99
1759858112.136317,99
1759858112.239763,100
1759858112.3431683,101
1759858112.4465196,100
1759858112.5500777,99
1759858112.6534572,99
1759858112.7568707,99
1759858112.8601458,98
1759858112.9635813,98
1759858113.0669363,98
1759858113.1704228,97
1759858113.2739413,98
1759858113.3773134,98
1759858113.480751,99
1759858113.584122,99
1759858113.6875274,98
1759858113.790899,98
1759858113.8943732,99
1759858113.9977403,99
1759858114.1010978,100
1759858114.2044942,98
1759858114.3078768,99
1759858114.41142,99
1759858114.514963,99
1759858114.618404,98
1759858114.7218647,98
1759858114.8252447,99
1759858114.9286094,99
1759858115.0318897,99
1759858115.1351814,98
1759858115.2386475,99
1759858115.3419642,99
1759858115.4452438,99
1759858115.5484636,99
1759858115.6517,98
1759858115.754882,98
1759858115.858325,98
1759858115.96173,99
1759858116.0650496,100
1759858116.168475,99
1759858116.2721267,99
1759858116.3756988,99
1759858116.479001,99
1759858116.582334,98
1759858116.6857376,98
1759858116.7890959,98
1759858116.892487,97
1759858116.996074,97
1759858117.099657,97
1759858117.2029831,96
1759858117.3062801,97
1759858117.409487,97
1759858117.5128286,97
1759858117.6160927,97
1759858117.7194288,98
1759858117.8226562,97
1759858117.925873,98
1759858118.029147,98
1759858118.1323254,97
1759858118.2356548,97
1759858118.3390453,98
1759858118.4423828,98
1759858118.5458412,98
1759858118.6491861,98
1759858118.7526257,97
1759858118.8557925,99
1759858118.9590693,99
1759858119.0621972,98
1759858119.165418,98
1759858119.2688866,98
1759858119.3721375,98
1759858119.4753807,98
1759858119.5786142,98
1759858119.681712,99
1759858119.7848802,97
1759858119.8880422,97
1759858119.9930613,100
1759858120.0964608,100
1759858120.1999404,100
1759858120.3033597,97
1759858120.4067845,98
1759858120.5101666,99
1759858120.61359,98
1759858120.7169566,97
1759858120.820306,97
1759858120.9237297,97
1759858121.027187,99
1759858121.130598,98
1759858121.234019,96
1759858121.3374887,97
1759858121.4409003,99
1759858121.5443733,98
1759858121.6477556,100
1759858121.7511082,98
1759858121.8545237,99
1759858121.9578736,100
1759858122.061288,101
1759858122.1646533,100
1759858122.267928,96
1759858122.3713748,96
1759858122.4747589,94
1759858122.5781775,95
1759858122.6815004,96
1759858122.7848678,97
1759858122.8882186,97
1759858122.991704,97
1759858123.0950282,98
1759858123.1983678,98
1759858123.3018067,98
1759858123.4051864,96
1759858123.5086482,97
1759858123.6119933,98
1759858123.7153645,97
1759858123.8187742,97
1759858123.9221008,97
1759858124.0255487,97
1759858124.1287417,98
1759858124.2320259,97
1759858124.335228,96
1759858124.4385805,96
1759858124.542001,97
1759858124.6454003,97
1759858124.7488055,98
1759858124.8521798,96
1759858124.9558313,97
1759858125.0593998,97
1759858125.1628656,97
1759858125.2664533,97
1759858125.369932,97
1759858125.4732804,97
1759858125.5768538,98
1759858125.6805022,98
1759858125.7838962,98
1759858125.8874066,97
1759858125.9908583,98
1759858126.094328,97
1759858126.197799,99
1759858126.3013065,98
1759858126.4048407,98
1759858126.5083036,97
1759858126.6116238,98
1759858126.714894,98
1759858126.8182733,98
1759858126.921606,98
1759858127.0250592,100
1759858127.1284301,99
1759858127.23196,99
1759858127.3353913,99
1759858127.4387815,99
1759858127.542375,98
1759858127.645955,99
1759858127.7492304,99
1759858127.8526044,98
1759858127.9558985,98
1759858128.0595934,97
1759858128.1628003,99
1759858128.2664056,98
1759858128.3700716,97
1759858128.4733024,98
1759858128.5767112,99
1759858128.6799097,98
1759858128.783154,97
1759858128.886485,97
1759858128.9897916,97
1759858129.09315,97
1759858129.1965306,97
1759858129.300142,97
1759858129.4038038,97
1759858129.507507,95
1759858129.6109548,97
1759858129.7143292,97
1759858129.817614,97
1759858129.9208996,97
1759858130.0241606,98
1759858130.1273785,99
1759858130.2309089,98
1759858130.334103,95
1759858130.4373345,97
1759858130.5405924,96
1759858130.643837,98
1759858130.7469938,97
1759858130.850424,96
1759858130.9537938,96
1759858131.0571587,97
1759858131.1606014,97
1759858131.2639806,98
1759858131.3672,97
1759858131.470398,96
1759858131.5736587,97
1759858131.676814,97
1759858131.7802448,98
1759858131.8834703,97
1759858131.9866705,97
1759858132.0899441,96
1759858132.1931117,100
1759858132.2963948,99
1759858132.3996103,97
1759858132.503098,98
1759858132.606425,98
1759858132.709874,99
1759858132.8132238,99
1759858132.9166398,98
1759858133.019805,98
1759858133.1230552,100
1759858133.226274,98
1759858133.329592,99
1759858133.4328153,98
1759858133.5362725,97
1759858133.6395783,98
1759858133.7429218,99
1759858133.8462539,100
1759858133.9497106,100
1759858134.0531576,98
1759858134.1565087,100
1759858134.2598956,100
1759858134.3633015,99
1759858134.4666839,99
1759858134.5701575,100
1759858134.6735084,98
1759858134.7769015,100
1759858134.8803074,99
1759858134.9837372,97
1759858135.0871441,97
1759858135.1903152,98
1759858135.2935867,99
1759858135.396822,98
1759858135.500113,98
1759858135.6034994,98
1759858135.706841,98
1759858135.8102586,98
1759858135.9135015,97
1759858136.0168567,97
1759858136.1200078,99
1759858136.2232635,100
1759858136.3266814,98
1759858136.4300227,100
1759858136.533477,99
1759858136.6368613,99
1759858136.7403033,99
1759858136.8434985,99
1759858136.9466581,99
1759858137.0499349,99
1759858137.1530888,98
1759858137.2566006,99
1759858137.359883,99
1759858137.4630337,99
1759858137.5663235,99
1759858137.6694736,99
1759858137.7727468,99
1759858137.875921,100
1759858137.979272,100
1759858138.082457,99
1759858138.1857638,100
1759858138.2889743,98
1759858138.3922276,99
1759858138.4954767,100
1759858138.5986552,99
1759858138.701917,98
1759858138.8050902,99
1759858138.9083946,99
1759858139.0118039,99
1759858139.1151597,99
1759858139.2186015,99
1759858139.3219397,98
1759858139.4251971,99
1759858139.5284796,99
1759858139.6316779,98
1759858139.7350345,98
1759858139.8384018,99
1759858139.9417288,99
1759858140.0467436,99
1759858140.1501088,98
1759858140.2536461,98
1759858140.3570442,99
1759858140.4602976,99
1759858140.5637407,98
1759858140.6671207,98
1759858140.7704139,98
1759858140.8736928,99
1759858140.97709,99
1759858141.0803452,99
1759858141.1836324,98
1759858141.2868328,98
1759858141.3900776,99
1759858141.493274,98
1759858141.5966456,99
1759858141.6999195,98
1759858141.8031526,99
1759858141.906393,99
1759858142.009684,100
1759858142.1128404,99
1759858142.2161806,99
1759858142.3193493,99
1759858142.4225588,99
1759858142.5257306,100
1759858142.6291697,101
1759858142.7325144,99
1759858142.835903,99
1759858142.9390998,100
1759858143.042325,100
1759858143.145555,100
1759858143.2487981,99
1759858143.3520634,99
1759858143.4555035,99
1759858143.5589454,100
1759858143.662278,100
1759858143.7656069,99
1759858143.8690898,98
1759858143.9724276,99
1759858144.0759566,100
1759858144.1793854,99
1759858144.2827692,99
1759858144.3861976,99
1759858144.4894693,99
1759858144.5929859,100
1759858144.6962996,100
1759858144.7997043,100
1759858144.9030542,100
1759858145.0065103,100
1759858145.1099,100
1759858145.2134173,100
1759858145.3169637,99
1759858145.4203198,99
1759858145.5238268,100
1759858145.6271882,100
1759858145.7304688,100
1759858145.833751,99
1759858145.9370162,99
1759858146.0402145,100
1759858146.14368,99
1759858146.2470858,99
1759858146.3505034,99
1759858146.453676,98
1759858146.5568812,100
1759858146.6601183,100
1759858146.7632782,100
1759858146.8665648,99
1759858146.9697719,98
1759858147.0730531,98
1759858147.1762204,100
1759858147.2795606,100
1759858147.382733,100
1759858147.4861336,100
1759858147.589514,100
1759858147.6928957,101
1759858147.796307,96
1759858147.8995886,99
1759858148.0027897,99
1759858148.106008,97
1759858148.2092254,100
1759858148.3125322,99
1759858148.4157002,99
1759858148.5190263,99
1759858148.6222632,99
1759858148.7257528,100
1759858148.8290346,99
1759858148.932404,99
1759858149.0358624,98
1759858149.1392636,99
1759858149.2426882,99
1759858149.3461454,99
1759858149.4494915,99
1759858149.5528288,99
1759858149.6559865,99
1759858149.7592187,99
1759858149.8626528,99
1759858149.966014,98
1759858150.0694945,99
1759858150.1728883,100
1759858150.2763414,100
1759858150.3797455,99
1759858150.4829717,99
1759858150.5862205,98
1759858150.6894555,99
1759858150.7926495,99
1759858150.8959033,99
1759858150.9992583,99
1759858151.102716,98
1759858151.2060432,98
1759858151.309694,98
1759858151.4133158,98
1759858151.5169058,98
1759858151.6203039,98
1759858151.7237604,97
1759858151.8273559,98
1759858151.9307344,99
1759858152.0340457,98
1759858152.1373138,98
1759858152.2407756,99
1759858152.343985,99
1759858152.4477777,99
1759858152.5510666,98
1759858152.6542096,98
1759858152.7574313,98
1759858152.8606675,99
1759858152.9638815,98
1759858153.0673037,98
1759858153.1707175,98
1759858153.2742069,100
1759858153.3775723,99
1759858153.481111,98
1759858153.58449,99
1759858153.6878674,100
1759858153.7912052,100
1759858153.8944404,100
1759858153.9976928,98
1759858154.100887,98
1759858154.2041245,99
1759858154.30748,99
1759858154.4106514,99
1759858154.5139623,99
1759858154.61713,99
1759858154.7203543,99
1759858154.8235645,99
1759858154.9268272,99
1759858155.0301044,99
1759858155.1332958,98
1759858155.236574,98
1759858155.339885,99
1759858155.4431326,99
1759858155.5464182,98
1759858155.6499047,98
1759858155.7532532,98
1759858155.856633,98
1759858155.9600332,98
1759858156.0634708,97
1759858156.1668415,98
1759858156.270245,98
1759858156.3735964,99
1759858156.4769473,99
1759858156.580326,98
1759858156.6836493,97
1759858156.786931,97
1759858156.8903039,98
1759858156.9936428,98
1759858157.0969882,98
1759858157.2003632,98
1759858157.3037195,98
1759858157.4071043,98
1759858157.5105217,97
1759858157.6137786,98
1759858157.7169938,98
1759858157.8202176,98
1759858157.9234698,99
1759858158.0267284,98
1759858158.1300907,99
1759858158.2333825,98
1759858158.336803,99
1759858158.4401495,99
1759858158.5435638,99
1759858158.6469305,98
1759858158.750263,98
1759858158.8535984,99
1759858158.9569514,100
1759858159.0603178,99
1759858159.1636865,98
1759858159.2669833,99
1759858159.3703215,99
1759858159.4736469,100
1759858159.5770106,100
1759858159.6803167,99
1759858159.7836623,99
1759858159.8870149,99
1759858159.9903631,99
1759858160.0954866,99
1759858160.1988482,98
1759858160.3022153,97
1759858160.4055705,99
1759858160.5089517,99
1759858160.6122262,98
1759858160.7156286,99
1759858160.8189645,99
1759858160.9222076,99
1759858161.0255926,100
1759858161.1290002,99
1759858161.2323694,98
1759858161.3357692,98
1759858161.4390852,99
1759858161.5424757,98
1759858161.6457756,98
1759858161.7491157,98
1759858161.8524618,99
1759858161.9558163,99
1759858162.0592074,99
1759858162.1625671,99
1759858162.2659452,98
1759858162.3692884,98
1759858162.4726124,99
1759858162.575959,99
1759858162.6792665,98
1759858162.782618,98
1759858162.885937,98
1759858162.9892457,100
1759858163.0926259,98
1759858163.1959658,99
1759858163.2992852,98
1759858163.402616,99
1759858163.5059748,99
1759858163.6093383,99
1759858163.712528,99
1759858163.8158977,98
1759858163.9191535,98
1759858164.0224764,98
1759858164.1258917,99
1759858164.2292614,99
1759858164.3325343,98
1759858164.435881,98
1759858164.5392535,99
1759858164.6426046,99
1759858164.7459955,98
1759858164.8493533,98
1759858164.9527435,99
1759858165.0561588,99
1759858165.1596386,98
1759858165.2631378,98
1759858165.3665113,98
1759858165.4698668,98
1759858165.573264,100
1759858165.6766136,99
1759858165.7799544,98
1759858165.8833582,98
1759858165.9865952,99
1759858166.0901413,99
1759858166.1934416,99
1759858166.2969089,98
1759858166.4002588,99
1759858166.5036662,99
1759858166.6070673,99
1759858166.710472,99
1759858166.813883,99
1759858166.9172504,99
1759858167.0206418,100
1759858167.1240366,100
1759858167.227397,99
1759858167.3308475,99
1759858167.434381,99
1759858167.5378585,99
1759858167.641202,99
1759858167.7445555,99
1759858167.847843,98
1759858167.9513886,99
1759858168.0549924,99
1759858168.158372,99
1759858168.261781,98
1759858168.365156,98
1759858168.4685068,99
1759858168.5719101,99
1759858168.675452,98
1759858168.778747,99
1759858168.8820379,99
1759858168.9853706,100
1759858169.0888326,99
1759858169.1921732,100
1759858169.295653,99
1759858169.3990164,100
1759858169.502335,99
1759858169.6056037,100
1759858169.7089527,99
1759858169.8122692,100
1759858169.915669,99
1759858170.0190256,100
1759858170.1224523,99
1759858170.2258327,98
1759858170.3293624,97
1759858170.4328072,98
1759858170.5361416,98
1759858170.639557,99
1759858170.7429233,98
1759858170.8463228,97
1759858170.9497504,97
1759858171.0530663,98
1759858171.1564388,98
1759858171.2598922,97
1759858171.3632717,98
1759858171.4669445,97
1759858171.5703905,98
1759858171.6738012,99
1759858171.7771847,98
1759858171.880532,98
1759858171.98379,98
1759858172.087428,99
1759858172.1907308,99
1759858172.2940538,98
1759858172.3974059,97
1759858172.500818,98
1759858172.6041884,98
1759858172.7075005,99
1759858172.8112094,98
1759858172.9149609,98
1759858173.018653,98
1759858173.1223316,100
1759858173.226087,98
1759858173.3298225,98
1759858173.4335518,98
1759858173.5373578,98
1759858173.641172,98
1759858173.7448559,99
1759858173.8485413,99
1759858173.9521797,99
1759858174.0556343,99
1759858174.158975,99
1759858174.262347,98
1759858174.365688,99
1759858174.469053,98
1759858174.5725331,99
1759858174.6759803,98
1759858174.77944,98
1759858174.8828504,98
1759858174.9861643,98
1759858175.0895584,99
1759858175.1929145,98
1759858175.2963135,98
1759858175.3998275,98
1759858175.5034206,99
1759858175.606727,98
1759858175.710123,98
1759858175.8135612,98
1759858175.9169505,98
1759858176.020287,100
1759858176.1237266,98
1759858176.2271879,97
1759858176.3306074,97
1759858176.434013,97
1759858176.5374033,99
1759858176.6408281,98
1759858176.7442396,98
1759858176.847623,98
1759858176.951025,98
1759858177.0544088,99
1759858177.1578352,99
1759858177.2612329,98
1759858177.3645995,98
1759858177.4680135,98
1759858177.5713966,98
1759858177.6748326,99
1759858177.778073,98
1759858177.881449,97
1759858177.9848592,98
1759858178.0882115,98
1759858178.191619,98
1759858178.2950306,97
1759858178.3983939,97
1759858178.5017762,95
1759858178.6051946,98
1759858178.7085547,97
1759858178.811819,96
1759858178.9150705,97
1759858179.018326,97
1759858179.121796,96
1759858179.22506,93
1759858179.328723,96
1759858179.4327688,94
1759858179.5362282,94
1759858179.640287,97
1759858179.7441585,96
1759858179.8478854,96
1759858179.9516692,96
1759858180.0554848,97
1759858180.1603553,97
1759858180.2638078,96
1759858180.3671696,98
1759858180.4705482,99
1759858180.5739162,97
1759858180.6772575,98
1759858180.7806075,98
1759858180.8839364,97
1759858180.9872713,97
1759858181.0906787,97
1759858181.1940067,96
1759858181.297441,96
1759858181.4008305,97
1759858181.5041614,97
1759858181.6075943,97
1759858181.710922,97
1759858181.8142729,95
1759858181.9175,97
1759858182.02091,97
1759858182.1242907,98
1759858182.2276616,96
1759858182.3310306,97
1759858182.4343984,97
1759858182.5378144,97
1759858182.6412394,97
1759858182.744639,97
1759858182.847967,97
1759858182.951176,98
1759858183.0543876,98
1759858183.1576397,97
1759858183.260901,97
1759858183.3641398,97
1759858183.4675472,98
1759858183.570986,98
1759858183.6743245,97
1759858183.777706,97
1759858183.8810399,97
1759858183.9844832,98
1759858184.0878978,98
1759858184.1912267,98
1759858184.2948344,94
1759858184.398476,95
1759858184.5019746,95
1759858184.6056364,98
1759858184.708984,97
1759858184.8126056,95
1759858184.916367,97
1759858185.0196748,96
1759858185.1231081,97
1759858185.2265847,97
1759858185.3299408,97
1759858185.4334977,98
1759858185.5369732,98
1759858185.6406395,98
1759858185.744006,97
1759858185.8476138,97
1759858185.9510348,98
1759858186.0545528,98
1759858186.15816,97
1759858186.2615774,98
1759858186.365064,98
1759858186.4685292,99
1759858186.5722072,98
1759858186.6759505,98
1759858186.779382,97
1759858186.8828378,97
1759858186.9862087,99
1759858187.0894964,97
1759858187.1926978,97
1759858187.2959917,96
1759858187.399375,97
1759858187.5028298,97
1759858187.6064153,97
1759858187.7100031,97
1759858187.8134053,97
1759858187.9169822,97
1759858188.020507,98
1759858188.124031,97
1759858188.2276323,97
1759858188.330993,97
1759858188.4343464,98
1759858188.5377443,97
1759858188.6411722,97
1759858188.7445302,96
1759858188.847939,97
1759858188.9512925,98
1759858189.054735,98
1759858189.158164,98
1759858189.2615585,97
1759858189.3649945,98
1759858189.4683356,99
1759858189.5718331,97
1759858189.6752036,96
1759858189.7787359,98
1759858189.8821728,98
1759858189.9855127,97
1759858190.088826,97
1759858190.1919873,98
1759858190.295251,98
1759858190.3984382,98
1759858190.5017538,99
1759858190.6049724,98
1759858190.7081609,98
1759858190.8113008,98
1759858190.9146237,98
1759858191.0177844,99
1759858191.1212695,99
1759858191.2246609,98
1759858191.3279932,99
1759858191.4314032,98
1759858191.534749,99
1759858191.63824,99
1759858191.7415848,98
1759858191.8449316,98
1759858191.9483285,98
1759858192.0516665,99
1759858192.1551034,98
1759858192.258583,97
1759858192.3620527,98
1759858192.465187,99
1759858192.5684154,97
1759858192.6716557,98
1759858192.774835,92
1759858192.878001,97
1759858192.981105,98
1759858193.0845995,91
1759858193.1882923,92
1759858193.29211,96
1759858193.395539,95
1759858193.4988406,97
1759858193.602485,96
1759858193.7060895,98
1759858193.809547,97
1759858193.9129357,96
1759858194.0163083,97
1759858194.1197588,94
1759858194.2229621,86
1759858194.326359,90
1759858194.4295485,91
1759858194.532805,89
1759858194.63618,90
1759858194.739404,90
1759858194.842676,79
1759858194.946197,79
1759858195.0496664,460
1759858195.1531699,1978
1759858195.2565377,2047
1759858195.359894,2047
1759858195.4632332,2047
1759858195.5666578,2047
1759858195.6699364,1
1759858195.7734895,90
1759858195.876923,115
1759858195.9802692,128
1759858196.0836313,139
1759858196.186931,145
1759858196.2904406,142
1759858196.393844,141
1759858196.4972377,139
1759858196.6006432,143
1759858196.703932,141
1759858196.807495,140
1759858196.9107802,139
1759858197.014119,139
1759858197.117507,138
1759858197.2209735,141
1759858197.3243694,136
1759858197.4277956,138
1759858197.53136,144
1759858197.6348922,142
1759858197.7382808,141
1759858197.8415916,140
1759858197.9449725,138
1759858198.0483396,137
1759858198.151808,135
1759858198.2551148,133
1759858198.358382,131
1759858198.461806,133
1759858198.565281,136
1759858198.6686707,131
1759858198.7720327,129
1759858198.875353,130
1759858198.9787006,128
1759858199.0821917,128
1759858199.1857035,129
1759858199.28912,127
1759858199.3924694,127
1759858199.495858,126
1759858199.5993555,126
1759858199.7027361,125
1759858199.8061597,125
1759858199.9094973,125
1759858200.0129364,124
1759858200.1163366,120
1759858200.2218487,123
1759858200.3252273,123
1759858200.4285626,123
1759858200.5318375,123
1759858200.6352062,122
1759858200.7386122,124
1759858200.8418446,126
1759858200.9452026,126
1759858201.0485146,127
1759858201.1518126,126
1759858201.2551973,128
1759858201.358575,127
1759858201.4618711,128
1759858201.5652184,127
1759858201.6686018,128
1759858201.7719007,126
1759858201.8752155,127
1759858201.9786057,126
1759858202.0819347,127
1759858202.1852868,127
1759858202.2886493,127
1759858202.3919814,127
1759858202.4952185,129
1759858202.5986228,130
1759858202.7019515,131
1759858202.8052564,130
1759858202.9085715,129
1759858203.0118463,129
1759858203.1151307,129
1759858203.2185895,129
1759858203.3219285,128
1759858203.4250457,126
1759858203.5282872,126
1759858203.6315353,128
1759858203.734715,128
1759858203.8380208,127
1759858203.941253,127
1759858204.0445774,127
1759858204.1479473,129
1759858204.2512367,128
1759858204.3546731,129
1759858204.4579792,127
1759858204.5613148,125
1759858204.6645741,126
1759858204.7678823,128
1759858204.871228,127
1759858204.974563,128
1759858205.0779026,126
1759858205.181214,125
1759858205.2848773,127
1759858205.3881752,129
1759858205.4917686,128
1759858205.5951986,128
1759858205.6987083,128
1759858205.802295,128
1759858205.9056733,127
1759858206.0092409,126
1759858206.1128175,127
1759858206.2163801,127
1759858206.320049,127
1759858206.4234872,126
1759858206.5270088,127
1759858206.6306221,126
1759858206.7343428,127
1759858206.837763,127
1759858206.9411519,125
1759858207.0446942,127
1759858207.1483235,127
1759858207.2518446,127
1759858207.355468,125
1759858207.458937,127
1759858207.5624034,126
1759858207.6660547,124
1759858207.7694933,125
1759858207.8730755,125
1759858207.9766638,125
1759858208.080087,126
1759858208.1836233,123
1759858208.287089,123
1759858208.3904617,122
1759858208.49395,123
1759858208.5973613,123
1759858208.7007644,124
1759858208.803973,122
1759858208.9073987,123
1759858209.010787,122
1759858209.1141808,121
1759858209.2176769,122
1759858209.3210433,121
1759858209.4244802,120
1759858209.5279362,120
1759858209.631138,120
1759858209.7344582,119
1759858209.8376694,120
1759858209.9409199,120
1759858210.0441175,120
1759858210.1474187,120
1759858210.2507272,120
1759858210.354087,118
1759858210.457494,118
1759858210.5611608,120
1759858210.6646512,120
1759858210.7681036,120
1759858210.871745,119
1759858210.9751182,119
1759858211.0785022,119
1759858211.1819704,118
1759858211.2859983,120
1759858211.389478,120
1759858211.4930174,120
1759858211.5966465,120
1759858211.6999168,120
1759858211.8031807,120
1759858211.9065876,119
1759858212.009915,119
1759858212.113341,119
1759858212.2167141,118
1759858212.3200114,118
1759858212.423262,118
1759858212.5264678,118
1759858212.6297529,117
1759858212.7328942,118
1759858212.8361216,119
1759858212.9392912,118
1759858213.042757,116
1759858213.1460714,117
1759858213.2497618,118
1759858213.3531394,117
1759858213.4565034,117
1759858213.559907,117
1759858213.6635966,118
1759858213.7670505,117
1759858213.8706021,117
1759858213.9741027,118
1759858214.077573,118
1759858214.1812127,119
1759858214.284692,118
1759858214.3881457,117
1759858214.491533,116
1759858214.5949347,117
1759858214.6986248,118
1759858214.8019607,118
1759858214.905246,117
1759858215.0085595,119
1759858215.111955,115
1759858215.2158122,117
1759858215.3191984,117
1759858215.4230852,118
1759858215.5264604,120
1759858215.6302195,119
1759858215.7334714,119
1759858215.837203,118
1759858215.9409149,117
1759858216.044172,119
1759858216.1480665,120
1759858216.251525,119
1759858216.3548965,118
1759858216.4582274,118
1759858216.561625,119
1759858216.6649818,118
1759858216.7684228,117
1759858216.8718183,117
1759858216.9751313,117
1759858217.07865,118
1759858217.1820376,115
1759858217.2856722,118
1759858217.3890758,117
1759858217.4925196,116
1759858217.595874,118
1759858217.6993628,118
1759858217.8027163,118
1759858217.9060621,117
1759858218.0094452,117
1759858218.1128926,115
1759858218.2164292,117
1759858218.3198159,117
1759858218.4232118,116
1759858218.526634,116
1759858218.63002,115
1759858218.7334242,117
1759858218.8368125,115
1759858218.940245,115
1759858219.043582,116
1759858219.1470063,115
1759858219.2504115,114
1759858219.3537269,114
1759858219.4570694,113
1759858219.5603905,113
1759858219.663808,115
1759858219.767044,114
1759858219.8703642,113
1759858219.973618,114
1759858220.076835,111
1759858220.180221,113
1759858220.2850368,113
1759858220.388303,112
1759858220.4923549,107
1759858220.5971677,112
1759858220.7004151,115
1759858220.803873,114
1759858220.9071348,114
1759858221.0105443,115
1759858221.1139662,115
1759858221.2173579,116
1759858221.320812,115
1759858221.4240522,114
1759858221.5273635,115
1759858221.6306493,115
1759858221.7339342,113
1759858221.8372095,113
1759858221.9407542,113
1759858222.0441372,114
1759858222.1475906,116
1759858222.2509851,115
1759858222.3543286,115
1759858222.4576836,114
1759858222.5610023,115
1759858222.6643503,115
1759858222.7680824,114
1759858222.8718224,114
1759858222.975467,115
1759858223.0791886,114
1759858223.182977,113
1759858223.2867656,113
1759858223.3903892,112
1759858223.4940836,113
1759858223.5978215,112
1759858223.701539,114
1759858223.805204,113
1759858223.9088678,115
1759858224.0125601,114
1759858224.1162887,114
1759858224.2197883,113
1759858224.3231316,113
1759858224.4265094,113
1759858224.5298991,112
1759858224.633221,113
1759858224.7366018,112
1759858224.8399732,112
1759858224.943373,113
1759858225.0468075,111
1759858225.1502903,112
1759858225.25375,110
1759858225.3572793,110
1759858225.4607425,111
1759858225.5641208,111
1759858225.667539,112
1759858225.7708066,110
1759858225.8741455,112
1759858225.9773762,111
1759858226.0807662,111
1759858226.184124,111
1759858226.2874017,112
1759858226.3907871,111
1759858226.4940472,112
1759858226.5973997,110
1759858226.7008111,112
1759858226.8040993,110
1759858226.9074752,111
1759858227.0108309,110
1759858227.1141863,112
1759858227.2176175,110
1759858227.3210106,110
1759858227.4243078,110
1759858227.5277376,113
1759858227.6311033,110
1759858227.7344112,108
1759858227.83778,108
1759858227.9411445,108
1759858228.0444388,110
1759858228.1478128,108
1759858228.2511241,110
1759858228.3548877,108
1759858228.4585776,109
1759858228.5622087,109
1759858228.6659732,108
1759858228.7696815,107
1759858228.8734114,107
1759858228.9770818,109
1759858229.0807905,107
1759858229.1846554,102
1759858229.2890255,108
1759858229.3925924,107
1759858229.4959965,107
1759858229.5994186,108
1759858229.7030554,107
1759858229.8065753,107
1759858229.9100244,106
1759858230.0136418,108
1759858230.117105,106
1759858230.2205727,105
1759858230.32416,107
1759858230.4277327,108
1759858230.5315495,108
1759858230.6350787,106
1759858230.7386703,106
1759858230.8421373,105
1759858230.9457378,106
1759858231.0492272,106
1759858231.1526802,106
1759858231.256284,106
1759858231.3598146,106
1759858231.4632833,105
1759858231.5668929,106
1759858231.6703873,104
1759858231.7738547,104
1759858231.8774872,104
1759858231.9809794,102
1759858232.0845277,103
1759858232.1880841,104
1759858232.2915554,104
1759858232.3950915,105
1759858232.4984589,105
1759858232.6019206,105
1759858232.7052922,104
1759858232.8086693,104
1759858232.9120095,106
1759858233.0153484,105
1759858233.118556,104
1759858233.2218344,102
1759858233.3250284,101
1759858233.4283671,102
1759858233.531709,102
1759858233.6351807,101
1759858233.7386603,99
1759858233.8421159,102
1759858233.9455457,103
1759858234.0489657,102
1759858234.1523573,101
1759858234.2557967,102
1759858234.3592098,103
1759858234.4625654,101
1759858234.5659173,101
1759858234.669149,102
1759858234.7724009,102
1759858234.8757823,101
1759858234.9790525,101
1759858235.0822022,101
1759858235.1855993,96
1759858235.2892132,100
1759858235.3925858,100
1759858235.4959557,102
1759858235.5993536,100
1759858235.702877,99
1759858235.8062863,98
1759858235.9097362,99
1759858236.0131795,97
1759858236.116728,97
1759858236.2201338,99
1759858236.323585,97
1759858236.42694,100
1759858236.530295,100
1759858236.63366,99
1759858236.736957,99
1759858236.840327,97
1759858236.9436378,98
1759858237.046883,97
1759858237.1502666,96
1759858237.253644,97
1759858237.357014,98
1759858237.4603348,99
1759858237.5637074,99
1759858237.6669917,99
1759858237.770347,98
1759858237.8737018,99
1759858237.9770017,98
1759858238.080326,100
1759858238.183739,99
1759858238.2870934,96
1759858238.3904366,97
1759858238.4938009,97
1759858238.597156,98
1759858238.7004445,97
1759858238.8038023,99
1759858238.9071708,97
1759858239.010511,100
1759858239.113867,97
1759858239.2171385,97
1759858239.3203738,97
1759858239.4236562,95
1759858239.5269694,98
1759858239.630323,97
1759858239.7336867,95
1759858239.8369927,95
1759858239.9403179,95
1759858240.0436773,96
1759858240.1470585,95
1759858240.2503514,94
1759858240.355128,97
1759858240.4583993,94
1759858240.5616372,96
1759858240.6648247,96
1759858240.7680717,95
1759858240.8712535,96
1759858240.9754484,87
1759858241.0807524,96
1759858241.1840734,96
1759858241.287396,96
1759858241.390652,95
1759858241.4939868,96
1759858241.5971892,95
1759858241.7004962,94
1759858241.8038018,97
1759858241.907046,98
1759858242.010273,96
1759858242.1135483,96
1759858242.2170327,96
1759858242.3202775,96
1759858242.423553,96
1759858242.52676,97
1759858242.6299944,98
1759858242.733237,98
1759858242.8364673,96
1759858242.9397018,97
1759858243.0429332,97
1759858243.14619,98
1759858243.2494638,97
1759858243.3527477,96
1759858243.455978,97
1759858243.5591307,97
1759858243.6623821,97
1759858243.7655952,97
1759858243.8688169,96
1759858243.9720402,95
1759858244.0752068,95
1759858244.1785457,94
1759858244.2817712,94
1759858244.3850138,96
1759858244.4881525,96
1759858244.5913885,97
1759858244.6945686,97
1759858244.7977889,96
1759858244.9009569,96
1759858245.004165,96
1759858245.107266,96
1759858245.2106507,94
1759858245.313896,96
1759858245.4171445,95
1759858245.520326,95
1759858245.6235235,95
1759858245.726704,95
1759858245.829948,95
1759858245.93308,94
1759858246.0362957,95
1759858246.1395066,95
1759858246.242718,96
1759858246.3459687,96
1759858246.4491,95
1759858246.5523448,95
1759858246.655579,94
1759858246.7588234,94
1759858246.861998,96
1759858246.9652286,95
1759858247.0683992,94
1759858247.1716523,94
1759858247.274945,95
1759858247.3782246,95
1759858247.4814267,95
1759858247.5846438,94
1759858247.6879182,93
1759858247.7910726,93
1759858247.8942955,93
1759858247.9974446,92
1759858248.1007228,92
1759858248.2039182,91
1759858248.307197,92
1759858248.4104128,93
1759858248.5136595,93
1759858248.6168904,93
1759858248.720149,92
1759858248.82337,92
1759858248.9265397,92
1759858249.0297775,93
1759858249.1329582,91
1759858249.236235,91
1759858249.3394675,91
1759858249.442647,92
1759858249.545868,91
1759858249.6490617,92
1759858249.75232,92
1759858249.85553,90
1759858249.9586651,92
1759858250.061921,92
1759858250.165115,92
1759858250.2683928,90
1759858250.3716009,91
1759858250.4748201,92
1759858250.577998,91
1759858250.681254,91
1759858250.7848809,91
1759858250.8880966,92
1759858250.9912975,92
1759858251.0945415,92
1759858251.1978207,92
1759858251.3009808,91
1759858251.404204,92
1759858251.5073533,91
1759858251.6109972,92
1759858251.7141938,93
1759858251.817454,92
1759858251.921153,91
1759858252.024822,92
1759858252.1283228,92
1759858252.2321348,92
1759858252.335384,92
1759858252.4390216,91
1759858252.5421436,91
1759858252.6453817,92
1759858252.7491274,92
1759858252.8528059,90
1759858252.9559486,92
1759858253.0591586,92
1759858253.162909,91
1759858253.2666273,92
1759858253.3698354,90
1759858253.4734814,90
1759858253.576725,91
1759858253.6800003,91
1759858253.7837002,91
1759858253.886912,91
1759858253.9905198,91
1759858254.0940454,92
1759858254.1977408,92
1759858254.3014362,91
1759858254.404693,91
1759858254.5079162,92
1759858254.6116421,91
1759858254.7152245,92
1759858254.8189464,90
1759858254.9225693,91
1759858255.026193,91
1759858255.1296923,92
1759858255.2334049,91
1759858255.3371553,92
1759858255.4402978,91
1759858255.5435748,92
1759858255.6467981,92
1759858255.7499719,92
1759858255.8531153,93
1759858255.956309,91
1759858256.0594945,93
1759858256.1626732,92
1759858256.265956,93
1759858256.369126,91
1759858256.4723663,91
1759858256.5755768,92
1759858256.6788461,92
1759858256.7819843,91
1759858256.8852243,91
1759858256.9883633,91
1759858257.0916402,91
1759858257.194805,91
1759858257.2980828,91
1759858257.4012516,91
1759858257.5044513,90
1759858257.6077163,90
1759858257.7109756,91
1759858257.8141854,93
1759858257.917394,92
1759858258.0206563,92
1759858258.1238215,91
1759858258.2271125,91
1759858258.3303463,93
1759858258.4335678,93
1759858258.5367432,92
1759858258.6399455,91
1759858258.743131,92
1759858258.846426,92
1759858258.949619,92
1759858259.0527842,91
1759858259.1560547,91
1759858259.2592635,92
1759858259.3626063,92
1759858259.465754,93
1759858259.5689638,92
1759858259.6722317,93
1759858259.775465,93
1759858259.8786743,94
1759858259.9818616,93
1759858260.0854838,92
1759858260.1890953,94
1759858260.2928092,93
1759858260.3980687,94
1759858260.5017886,93
1759858260.605428,92
1759858260.7088978,93
1759858260.812279,94
1759858260.9156702,93
1759858261.0189881,95
1759858261.1222556,93
1759858261.2255828,93
1759858261.3289866,92
1759858261.4323168,93
1759858261.5357854,92
1759858261.6391287,92
1759858261.742559,92
1759858261.8459828,91
1759858261.9493217,92
1759858262.052628,93
1759858262.1560435,93
1759858262.2594888,94
1759858262.3628528,95
1759858262.4660623,93
1759858262.5694082,93
1759858262.6728458,93
1759858262.7761602,93
1759858262.879549,92
1759858262.9828715,94
1759858263.086186,93
1759858263.189568,95
1759858263.2930083,96
1759858263.396376,95
1759858263.4996717,94
1759858263.6030133,94
1759858263.7063818,97
1759858263.809706,96
1759858263.9130352,96
1759858264.0163329,94
1759858264.1197278,95
1759858264.2231264,96
1759858264.3265483,96
1759858264.429877,97
1759858264.5331194,96
1759858264.6364875,94
1759858264.739869,95
1759858264.8432076,95
1759858264.9465876,93
1759858265.04992,93
1759858265.153236,92
1759858265.2566538,92
1759858265.3600614,94
1759858265.4633892,94
1759858265.56672,94
1759858265.6700468,94
1759858265.7734318,93
1759858265.8768637,94
1759858265.9801893,96
1759858266.0834866,95
1759858266.1867716,96
1759858266.290097,96
1759858266.39326,96
1759858266.4964452,95
1759858266.5997093,95
1759858266.703093,94
1759858266.806337,96
1759858266.9096932,96
1759858267.0130103,96
1759858267.1163197,94
1759858267.2197812,97
1759858267.3231437,96
1759858267.4264953,111
1759858267.529828,97
1759858267.6331508,99
1759858267.7365265,98
1759858267.839779,95
1759858267.9430792,98
1759858268.046383,97
1759858268.1496427,97
1759858268.2530754,96
1759858268.3565056,95
1759858268.4598725,97
1759858268.5632236,99
1759858268.666577,95
1759858268.7699742,95
1759858268.873308,96
1759858268.9765313,94
1759858269.0797932,105
1759858269.183069,105
1759858269.28644,107
1759858269.389808,96
1759858269.4931135,95
1759858269.596457,96
1759858269.6998737,95
1759858269.8032234,96
1759858269.906557,97
1759858270.0099144,95
1759858270.1132662,95
1759858270.216664,93
1759858270.319995,92
1759858270.4233613,93
1759858270.5266879,93
1759858270.6299417,92
1759858270.7333221,93
1759858270.836661,92
1759858270.939965,92
1759858271.0433636,94
1759858271.146771,93
1759858271.2500093,94
1759858271.3532743,91
1759858271.4564085,94
1759858271.5597079,88
1759858271.662897,93
1759858271.7665007,97
1759858271.8699782,91
1759858271.9735696,90
1759858272.0774875,87
1759858272.1817346,95
1759858272.2851574,98
1759858272.3885386,92
1759858272.4919553,90
1759858272.5953481,93
1759858272.6988232,92
1759858272.8021932,92
1759858272.905602,89
1759858273.0090156,92
1759858273.1124177,91
1759858273.2159417,95
1759858273.3193836,93
1759858273.422739,91
1759858273.526083,92
1759858273.629509,92
1759858273.732935,92
1759858273.8363469,90
1759858273.9397366,91
1759858274.0430717,90
1759858274.1465473,91
1759858274.249984,91
1759858274.353399,90
1759858274.456779,90
1759858274.560115,91
1759858274.6635687,91
1759858274.7669437,91
1759858274.8701508,91
1759858274.9734912,91
1759858275.076796,90
1759858275.1801584,90
1759858275.2836478,91
1759858275.387111,91
1759858275.490585,90
1759858275.5941198,90
1759858275.6977472,91
1759858275.8010666,91
1759858275.9044144,91
1759858276.0077899,90
1759858276.111203,91
1759858276.2147758,89
1759858276.3182418,90
1759858276.4215813,89
1759858276.5249922,89
1759858276.6283681,90
1759858276.7317786,90
1759858276.8350275,89
1759858276.9383512,88
1759858277.0417674,87
1759858277.1450975,90
1759858277.248416,91
1759858277.3518553,89
1759858277.4552183,89
1759858277.5586488,89
1759858277.6620133,90
1759858277.7654598,89
1759858277.8688512,90
1759858277.9722064,91
1759858278.0756574,89
1759858278.1790032,89
1759858278.2825382,89
1759858278.3860207,89
1759858278.4895704,89
1759858278.5930789,89
1759858278.696385,89
1759858278.799723,89
1759858278.9030964,89
1759858279.0064335,88
1759858279.1099002,89
1759858279.2133052,89
1759858279.3168263,90
1759858279.4201748,90
1759858279.523538,89
1759858279.626938,90
1759858279.7303326,91
1759858279.8337471,92
1759858279.9370618,90
1759858280.0404575,90
1759858280.1438804,91
1759858280.2472894,91
1759858280.3507595,90
1759858280.4557457,90
1759858280.5591762,89
1759858280.6625602,89
1759858280.7660117,89
1759858280.8692849,91
1759858280.9726398,91
1759858281.076019,91
1759858281.1794007,90
1759858281.2828178,90
1759858281.3862631,90
1759858281.4895778,89
1759858281.592958,89
1759858281.6964352,91
1759858281.7998645,90
1759858281.9033399,90
1759858282.0066676,89
1759858282.1100454,84
1759858282.2156715,89
1759858282.3190215,90
1759858282.4223535,90
1759858282.5260804,90
1759858282.6297917,90
1759858282.7334743,90
1759858282.837214,91
1759858282.9408972,92
1759858283.044121,90
1759858283.1479673,91
1759858283.2518175,91
1759858283.355142,90
1759858283.4589033,89
1759858283.5622282,91
1759858283.6655812,93
1759858283.7690067,91
1759858283.8723264,92
1759858283.97573,90
1759858284.0791266,91
1759858284.1825323,92
1759858284.2858505,91
1759858284.3893278,91
1759858284.4927223,91
1759858284.5960827,90
1759858284.6994839,92
1759858284.8028557,91
1759858284.9061956,90
1759858285.0095882,90
1759858285.1131148,92
1759858285.2167637,92
1759858285.3202906,92
1759858285.423676,92
1759858285.5269942,89
1759858285.630357,90
1759858285.7337627,91
1759858285.8371084,90
1759858285.9404378,88
1759858286.0438037,89
1759858286.147166,91
1759858286.2505362,91
1759858286.3538857,90
1759858286.4572167,89
1759858286.560557,91
1759858286.6639686,91
1759858286.7673569,90
1759858286.870628,89
1759858286.97394,88
1759858287.0772676,88
1759858287.1806073,88
1759858287.2840014,89
1759858287.387431,89
1759858287.4906957,88
1759858287.5941665,88
1759858287.6975245,89
1759858287.800853,89
1759858287.904222,88
1759858288.007614,89
1759858288.1108959,88
1759858288.2144027,89
1759858288.3179095,89
1759858288.4213552,89
1759858288.5248587,88
1759858288.6282377,88
1759858288.7316482,89
1759858288.835135,89
1759858288.9386735,88
1759858289.0422075,88
1759858289.1455998,88
1759858289.2490213,88
1759858289.3524992,89
1759858289.4558947,90
1759858289.5591109,90
1759858289.6624563,89
1759858289.7656808,91
1759858289.86893,89
1759858289.9720526,90
1759858290.0752661,90
1759858290.1785107,89
1759858290.2818155,88
1759858290.385102,88
1759858290.4884117,89
1759858290.5918095,90
1759858290.6951056,89
1759858290.798513,90
1759858290.9018438,90
1759858291.005145,90
1759858291.1083612,88
1759858291.2118745,87
1759858291.3152509,88
1759858291.4185688,88
1759858291.5217812,87
1759858291.6250145,86
1759858291.7281792,87
1759858291.831418,88
1759858291.9346654,88
1759858292.0379593,88
1759858292.1412964,87
1759858292.2446609,87
1759858292.3480234,87
1759858292.4513698,87
1759858292.554709,86
1759858292.6578426,86
1759858292.7610977,86
1759858292.864227,87
1759858292.9675837,87
1759858293.0706904,85
1759858293.1739132,87
1759858293.277132,87
1759858293.380373,87
1759858293.4835765,88
1759858293.586825,88
1759858293.6900284,86
1759858293.7932966,87
1759858293.8965106,89
1759858293.9997685,88
1759858294.102946,87
1759858294.2062862,87
1759858294.309498,88
1759858294.412755,88
1759858294.5158856,89
1759858294.6191216,89
1759858294.7223718,87
1759858294.8255982,88
1759858294.928871,87
1759858295.0320778,88
1759858295.1352208,87
1759858295.2385464,87
1759858295.3417556,88
1759858295.4450758,87
1759858295.5483744,88
1759858295.651665,85
1759858295.754954,86
1759858295.8581436,86
1759858295.9616423,87
1759858296.0649037,88
1759858296.1683195,88
1759858296.271751,87
1759858296.3750978,86
1759858296.4784522,87
1759858296.5818558,87
1759858296.6853704,89
1759858296.788743,87
1759858296.8921304,87
1759858296.9955182,87
1759858297.0988219,88
1759858297.2021477,88
1759858297.3055606,87
1759858297.408948,86
1759858297.512299,86
1759858297.6156743,86
1759858297.7190378,85
1759858297.8224735,86
1759858297.9258833,86
1759858298.0291996,86
1759858298.1326299,88
1759858298.236058,88
1759858298.3394923,87
1759858298.4428272,86
1759858298.5461922,87
1759858298.6495285,86
1759858298.7529557,87
1759858298.8563337,86
1759858298.959726,87
1759858299.0630255,87
1759858299.1663494,88
1759858299.2697465,87
1759858299.3731005,87
1759858299.4763258,87
1759858299.5797172,88
1759858299.6830842,88
1759858299.786482,86
1759858299.8897507,87
1759858299.9930925,87
1759858300.09641,88
1759858300.199766,87
1759858300.3031538,87
1759858300.4065633,85
1759858300.5113661,86
1759858300.6147287,87
1759858300.7180533,87
1759858300.8214056,87
1759858300.9246876,86
1759858301.0279205,86
1759858301.1312587,86
1759858301.234672,85
1759858301.338084,86
1759858301.4414535,85
1759858301.5448768,86
1759858301.6482484,86
1759858301.7516923,87
1759858301.8552008,87
1759858301.9586053,86
1759858302.0619438,87
1759858302.1651435,87
1759858302.2684796,86
1759858302.3719199,86
1759858302.4751382,86
1759858302.5784156,87
1759858302.6817408,87
1759858302.78515,88
1759858302.888431,85
1759858302.9918387,86
1759858303.0951574,87
1759858303.198597,87
1759858303.3020186,87
1759858303.405389,88
1759858303.508788,88
1759858303.6121607,88
1759858303.7156053,88
1759858303.8190272,87
1759858303.92232,89
1759858304.025766,88
1759858304.1291528,87
1759858304.232598,86
1759858304.3359795,87
1759858304.4392533,87
1759858304.5426526,86
1759858304.6460688,88
1759858304.749494,87
1759858304.8529584,87
1759858304.956414,86
1759858305.0598304,86
1759858305.163099,88
1759858305.266551,88
1759858305.3699725,89
1759858305.4732747,87
1759858305.5767207,86
1759858305.6801927,88
1759858305.7834167,87
1759858305.8866513,87
1759858305.9899216,87
1759858306.0935917,87
1759858306.1970108,88
1759858306.3005924,88
1759858306.4041395,87
1759858306.5076458,84
1759858306.611182,86
1759858306.7146528,84
1759858306.8182087,85
1759858306.9217167,84
1759858307.0251632,84
1759858307.1287303,85
1759858307.2321408,85
1759858307.3357882,86
1759858307.439296,84
1759858307.5428884,83
1759858307.6463115,85
1759858307.7499359,83
1759858307.8535774,85
1759858307.9570847,84
1759858308.060594,84
1759858308.1641247,83
1759858308.2675982,86
1759858308.3710306,84
1759858308.4746044,84
1759858308.5780802,85
1759858308.6816978,85
1759858308.7852101,83
1759858308.8888192,82
1759858308.9923394,82
1759858309.0958915,82
1759858309.1992707,83
1759858309.3027358,84
1759858309.4061034,83
1759858309.5093412,82
1759858309.612706,84
1759858309.716153,84
1759858309.8196266,83
1759858309.9229338,83
1759858310.026248,84
1759858310.1294506,83
1759858310.2327912,83
1759858310.3359847,84
1759858310.439229,82
1759858310.5425406,83
1759858310.6457636,83
1759858310.7490168,84
1759858310.8522465,84
1759858310.9555004,83
1759858311.0586417,84
1759858311.1618435,83
1759858311.2650757,83
1759858311.3683257,84
1759858311.4715145,83
1759858311.5746803,83
1759858311.6780446,84
1759858311.7813435,84
1759858311.8846924,84
1759858311.98793,81
1759858312.0911672,81
1759858312.1945777,83
1759858312.297977,84
1759858312.401214,84
1759858312.504555,83
1759858312.6078658,82
1759858312.7111769,81
1759858312.8146162,81
1759858312.9179568,81
1759858313.0212648,79
1759858313.1246705,82
1759858313.2280383,82
1759858313.3314834,83
1759858313.4347456,83
1759858313.5381987,82
1759858313.6417131,82
1759858313.7450933,82
1759858313.8485131,82
1759858313.9518714,82
1759858314.055212,81
1759858314.1586065,82
1759858314.2619941,82
1759858314.3653636,81
1759858314.4688215,80
1759858314.5722888,82
1759858314.6757665,81
1759858314.7791593,81
1759858314.8825958,82
1759858314.9858825,81
1759858315.089244,80
1759858315.1926267,80
1759858315.296018,80
1759858315.399519,80
1759858315.502936,80
1759858315.6063924,79
1759858315.7097561,78
1759858315.8131423,79
1759858315.9165087,78
1759858316.0198567,80
1759858316.1232038,80
1759858316.2266517,77
1759858316.3300323,80
1759858316.433466,79
1759858316.5369415,79
1759858316.640358,80
1759858316.7438385,80
1759858316.8473904,80
1759858316.9508657,80
1759858317.054184,81
1759858317.1574667,78
1759858317.2608395,78
1759858317.3642595,80
1759858317.4677927,81
1759858317.5710464,80
1759858317.6744192,80
1759858317.7778614,80
1759858317.881165,79
1759858317.9845157,79
1759858318.087985,79
1759858318.1912737,78
1759858318.2947028,77
1759858318.3980548,80
1759858318.501367,78
1759858318.6047454,79
1759858318.708092,79
1759858318.8115087,79
1759858318.9148495,79
1759858319.018169,79
1759858319.1215022,78
1759858319.2249634,79
1759858319.3282633,79
1759858319.431663,79
1759858319.5349593,78
1759858319.6382773,78
1759858319.7415912,79
1759858319.845015,79
1759858319.9483495,78
1759858320.0517278,79
1759858320.1549892,80
1759858320.2583973,79
1759858320.361754,80
1759858320.4650726,81
1759858320.5699453,81
1759858320.6732395,79
1759858320.7765243,80
1759858320.8798928,80
1759858320.9832146,81
1759858321.086594,81
1759858321.189831,79
1759858321.2932336,78
1759858321.3965948,79
1759858321.4998348,80
1759858321.6031203,80
1759858321.7064996,79
1759858321.8098614,77
1759858321.9132128,79
1759858322.0165262,79
1759858322.1199017,79
1759858322.2232919,79
1759858322.3267395,79
1759858322.4300556,80
1759858322.533382,79
1759858322.6367393,80
1759858322.7400568,80
1759858322.8435028,80
1759858322.9468477,80
1759858323.0501263,81
1759858323.153467,80
1759858323.2570164,79
1759858323.360388,79
1759858323.4637692,80
1759858323.5669878,80
1759858323.6703422,78
1759858323.7737014,79
1759858323.877011,79
1759858323.9803197,79
1759858324.0836484,80
1759858324.1869047,80
1759858324.2903087,80
1759858324.3936648,78
1759858324.4969444,79
1759858324.600319,79
1759858324.7036986,80
1759858324.8070858,78
1759858324.9104335,78
1759858325.0138052,80
1759858325.1171374,80
1759858325.2205563,81
1759858325.3239899,80
1759858325.4273539,79
1759858325.5308096,79
1759858325.6341856,79
1759858325.7375934,79
1759858325.8409567,78
1759858325.944306,78
1759858326.0477085,79
1759858326.1510515,79
1759858326.2544582,79
1759858326.3578665,78
1759858326.461258,78
1759858326.564604,78
1759858326.6679628,79
1759858326.7712812,79
1759858326.8747036,78
1759858326.9780607,78
1759858327.0814528,79
1759858327.1848123,79
1759858327.288213,79
1759858327.3916326,79
1759858327.4949512,79
1759858327.598247,78
1759858327.701571,79
1759858327.8049603,79
1759858327.9083,78
1759858328.0116677,77
1759858328.114965,79
1759858328.2183409,77
1759858328.3217359,79
1759858328.4249995,78
1759858328.5283134,79
1759858328.6316736,77
1759858328.7349582,79
1759858328.8383434,79
1759858328.9416611,78
1759858329.0447836,78
1759858329.148014,79
1759858329.2512286,79
1759858329.3546844,79
1759858329.4579344,79
1759858329.5612583,78
1759858329.6645653,78
1759858329.7679343,78
1759858329.8713398,78
1759858329.9746597,79
1759858330.07796,77
1759858330.1812,78
1759858330.2845924,78
1759858330.3879437,78
1759858330.4912477,76
1759858330.5946662,78
1759858330.698006,78
1759858330.8012931,78
1759858330.9046395,78
1759858331.0079403,77
1759858331.1111815,78
1759858331.2149367,77
1759858331.3183525,78
1759858331.4216826,78
1759858331.5249822,77
1759858331.6282823,77
1759858331.7316766,77
1759858331.8350363,78
1759858331.938282,77
1759858332.0415857,77
1759858332.1449685,77
1759858332.248333,78
1759858332.3517513,78
1759858332.455079,79
1759858332.5583768,77
1759858332.6616201,78
1759858332.7649198,78
1759858332.8682027,77
1759858332.9714737,78
1759858333.0747247,78
1759858333.1779633,76
1759858333.2811618,78
1759858333.3843913,78
1759858333.48785,78
1759858333.5912285,78
1759858333.6946888,77
1759858333.798086,79
1759858333.9014966,77
1759858334.0050197,78
1759858334.1086369,76
1759858334.211981,78
1759858334.3155117,78
1759858334.4189348,79
1759858334.522284,76
1759858334.6256146,78
1759858334.7289999,78
1759858334.832382,77
1759858334.9358394,79
1759858335.0391378,79
1759858335.142535,77
1759858335.2459831,77
1759858335.3493764,79
1759858335.4528477,79
1759858335.5561943,78
1759858335.6596322,77
1759858335.763066,78
1759858335.866443,78
1759858335.9698896,78
1759858336.073236,77
1759858336.176577,77
1759858336.2801018,77
1759858336.3836744,77
1759858336.4870503,78
1759858336.5904627,77
1759858336.6938615,76
1759858336.7973282,78
1759858336.9006386,78
1759858337.0037875,78
1759858337.1072242,78
1759858337.2105963,78
1759858337.3140414,77
1759858337.4174736,78
1759858337.520877,78
1759858337.6242898,78
1759858337.7276852,78
1759858337.8310952,78
1759858337.9345088,78
1759858338.0378532,78
1759858338.1412127,78
1759858338.2445652,78
1759858338.347968,78
1759858338.4512928,79
1759858338.5547333,77
1759858338.6579134,77
1759858338.7611709,77
1759858338.864379,77
1759858338.9678204,77
1759858339.0711546,78
1759858339.1746244,77
1759858339.2779984,77
1759858339.3813853,77
1759858339.4848561,79
1759858339.5881848,78
1759858339.6913912,78
1759858339.7945747,77
1759858339.8978844,77
1759858340.001222,79
1759858340.104538,78
1759858340.2079425,77
1759858340.3113682,77
1759858340.4147937,78
1759858340.518141,78
1759858340.6231706,77
1759858340.7265873,78
1759858340.8299,76
1759858340.9332516,78
1759858341.0365655,78
1759858341.1399753,78
1759858341.2434738,78
1759858341.3469357,77
1759858341.4502966,78
1759858341.553663,79
1759858341.6570415,78
1759858341.7603955,78
1759858341.863903,77
1759858341.9672706,77
1759858342.0706642,78
1759858342.1740675,77
1759858342.2775464,76
1759858342.3810532,77
1759858342.4842968,78
1759858342.587641,77
1759858342.6908755,79
1759858342.7942543,77
1759858342.8976097,78
1759858343.0009015,78
1759858343.104252,78
1759858343.207649,78
1759858343.311008,78
1759858343.4142833,78
1759858343.5176105,78
1759858343.6209974,77
1759858343.7243543,78
1759858343.8277762,78
1759858343.9310963,78
1759858344.0345001,78
1759858344.1377702,78
1759858344.24118,77
1759858344.3445733,78
1759858344.4479291,78
1759858344.551253,78
1759858344.6546667,78
1759858344.7580948,77
1759858344.8614833,78
1759858344.96476,78
1759858345.0678997,78
1759858345.1711545,78
1759858345.2746613,77
1759858345.3779652,76
1759858345.4811285,77
1759858345.5843778,78
1759858345.6875713,78
1759858345.7908363,77
1759858345.8942416,77
1759858345.9974394,77
1759858346.10069,77
1759858346.203928,76
1759858346.3071313,76
1759858346.4104521,77
1759858346.5138597,77
1759858346.6171932,78
1759858346.7206087,78
1759858346.8239944,77
1759858346.9272308,77
1759858347.0304322,77
1759858347.1336923,78
1759858347.236883,77
1759858347.3401465,77
1759858347.4433045,77
1759858347.5466142,75
1759858347.6498098,76
1759858347.7530494,76
1759858347.856249,77
1759858347.959522,76
1759858348.0626652,77
1759858348.166109,76
1759858348.2695065,77
1759858348.3728397,76
1759858348.4760382,76
1759858348.5792568,76
1759858348.6824296,76
1759858348.785655,76
1759858348.8889089,77
1759858348.9922576,76
1759858349.0957258,77
1759858349.1990116,78
1759858349.302291,77
1759858349.4055414,77
1759858349.5089161,77
1759858349.6121078,76
1759858349.7153742,76
1759858349.8188236,77
1759858349.9221702,77
1759858350.0255868,76
1759858350.12896,76
1759858350.2324226,77
1759858350.3357813,76
1759858350.439141,76
1759858350.5428195,75
1759858350.646207,77
1759858350.7498078,77
1759858350.8532026,77
1759858350.9567611,77
1759858351.060319,78
1759858351.1635911,78
1759858351.2668715,78
1759858351.370253,78
1759858351.4734921,77
1759858351.5771885,78
1759858351.680648,78
1759858351.7841196,79
1759858351.8876495,79
1759858351.9912593,79
1759858352.0946982,78
1759858352.1983054,79
1759858352.301939,78
1759858352.4056888,78
1759858352.5094101,78
1759858352.6131458,77
1759858352.7163875,79
1759858352.8197966,77
1759858352.9230392,78
1759858353.026256,77
1759858353.1294653,78
1759858353.2328184,77
1759858353.3362362,79
1759858353.4395418,78
1759858353.5428126,78
1759858353.6460657,77
1759858353.749412,79
1759858353.8531282,79
1759858353.9564877,78
1759858354.0597715,78
1759858354.163024,79
1759858354.2665224,79
1759858354.3699515,77
1759858354.4731455,78
1759858354.5766253,78
1759858354.67999,79
1759858354.7832377,79
1759858354.8866463,79
1759858354.9899764,78
1759858355.0932374,80
1759858355.196413,79
1759858355.3000333,79
1759858355.4035137,79
1759858355.5067542,79
1759858355.6099744,79
1759858355.7131886,79
1759858355.8164675,79
1759858355.919747,78
1759858356.022989,77
1759858356.1262238,78
1759858356.2296095,78
1759858356.3330102,78
1759858356.4361472,79
1759858356.5393844,79
1759858356.642584,78
1759858356.745827,78
1759858356.8491209,78
1759858356.9525063,79
1759858357.0557554,78
1759858357.159134,79
1759858357.2626116,79
1759858357.3660228,79
1759858357.4693468,79
1759858357.5726852,78
1759858357.6758444,78
1759858357.7791514,78
1759858357.8825152,77
1759858357.9858577,78
1759858358.0891256,78
1759858358.1925163,76
1759858358.2959228,79
1759858358.3993576,79
1759858358.502601,79
1759858358.605819,77
1759858358.708984,76
1759858358.8121848,78
1759858358.9155076,78
1759858359.0186954,77
1759858359.1221795,77
1759858359.2255921,78
1759858359.329013,79
1759858359.432211,78
1759858359.5355177,77
1759858359.6387136,78
1759858359.7419376,77
1759858359.8451307,76
1759858359.9484007,78
1759858360.0516922,77
1759858360.15515,76
1759858360.2586064,77
1759858360.3620706,77
1759858360.465442,77
1759858360.5689566,76
1759858360.6739516,76
1759858360.777346,76
1759858360.8808482,76
1759858360.984198,77
1759858361.0877118,77
1759858361.1910758,76
1759858361.2947865,77
1759858361.3984773,76
1759858361.5019374,77
1759858361.6054783,76
1759858361.7090094,77
1759858361.812363,78
1759858361.9158654,77
1759858362.0192335,76
1759858362.1226437,77
1759858362.2261095,77
1759858362.3295224,76
1759858362.4329689,77
1759858362.5363061,76
1759858362.6397066,77
1759858362.743135,76
1759858362.8465724,77
1759858362.9499931,77
1759858363.0533338,77
1759858363.156724,77
1759858363.2601905,77
1759858363.3635476,78
1759858363.4668403,77
1759858363.5700321,79
1759858363.6733277,78
1759858363.7765877,78
1759858363.879939,79
1759858363.983226,77
1759858364.0864887,77
1759858364.1896968,77
1759858364.2929053,78
1759858364.396182,77
1759858364.499357,78
1759858364.6026862,78
1759858364.7060275,78
1759858364.8093667,78
1759858364.9126792,78
1759858365.0158868,77
1759858365.1190996,77
1759858365.2223618,79
1759858365.3256404,77
1759858365.4289362,78
1759858365.5321474,79
1759858365.6353784,78
1759858365.7385952,77
1759858365.8418705,76
1759858365.9450932,79
1759858366.048329,78
1759858366.1516516,78
1759858366.254939,76
1759858366.358362,76
1759858366.4617074,77
1759858366.5650392,78
1759858366.6683562,79
1759858366.771677,76
1759858366.8749578,77
1759858366.9780846,78
1759858367.08126,78
1759858367.1844585,78
1759858367.287852,76
1759858367.391156,77
1759858367.494471,76
1759858367.5978138,78
1759858367.7011223,78
1759858367.804442,78
1759858367.907855,77
1759858368.0111856,78
1759858368.1144512,78
1759858368.2176712,78
1759858368.3209348,78
1759858368.4241233,77
1759858368.5275023,77
1759858368.630739,78
1759858368.7340918,78
1759858368.8375084,78
1759858368.9408247,77
1759858369.0441737,78
1759858369.1476004,78
1759858369.2509167,76
1759858369.35444,76
1759858369.4578495,78
1759858369.5611317,78
1759858369.6645284,78
1759858369.7677364,77
1759858369.8710227,78
1759858369.974147,77
1759858370.077485,78
1759858370.1807923,76
1759858370.284112,78
1759858370.387511,77
1759858370.4907565,78
1759858370.5941184,78
1759858370.6973877,78
1759858370.800666,78
1759858370.9040618,77
1759858371.0073903,78
1759858371.110822,77
1759858371.214287,79
1759858371.3176808,79
1759858371.4209678,78
1759858371.5241392,77
1759858371.6276183,78
1759858371.730894,78
1759858371.834215,78
1759858371.9375994,77
1759858372.0410087,77
1759858372.1444001,77
1759858372.2478957,77
1759858372.3515565,77
1759858372.4549956,78
1759858372.5584316,76
1759858372.6618886,77
1759858372.7654557,75
1759858372.868914,77
1759858372.9722595,75
1759858373.075723,76
1759858373.1795127,73
1759858373.2830844,74
1759858373.3864837,74
1759858373.489838,75
1759858373.5931702,73
1759858373.696567,75
1759858373.7999403,76
1759858373.9035027,75
1759858374.0067804,76
1759858374.1102245,76
1759858374.213935,77
1759858374.317235,76
1759858374.420535,76
1759858374.523801,76
1759858374.627348,76
1759858374.7306645,76
1759858374.833947,76
1759858374.93731,76
1759858375.040756,75
1759858375.1442747,77
1759858375.2478647,77
1759858375.3514438,74
1759858375.4548457,76
1759858375.558116,76
1759858375.6614945,76
1759858375.764921,76
1759858375.8683376,76
1759858375.9717374,76
1759858376.0749865,76
1759858376.1783729,77
1759858376.2820294,76
1759858376.3854403,76
1759858376.4888866,75
1759858376.5922744,76
1759858376.6956432,75
1759858376.798872,76
1759858376.902162,76
1759858377.0053737,75
1759858377.1088905,76
1759858377.212252,76
1759858377.315599,77
1759858377.4188945,75
1759858377.522129,75
1759858377.6252778,74
1759858377.7290084,75
1759858377.8321934,76
1759858377.9359453,76
1759858378.0391061,76
1759858378.142771,77
1759858378.246374,77
1759858378.3501785,78
1759858378.453925,75
1759858378.5576591,76
1759858378.6612704,77
1759858378.7649531,77
1759858378.8687098,76
1759858378.9724326,77
1759858379.0757625,77
1759858379.1791422,76
1759858379.282483,77
1759858379.3862007,74
1759858379.4897442,76
1759858379.5934017,75
1759858379.6971514,76
1759858379.8008418,75
1759858379.9045131,75
1759858380.0083325,76
1759858380.1120732,76
1759858380.2161052,76
1759858380.3194027,75
1759858380.423185,76
1759858380.52686,76
1759858380.6305637,75
1759858380.735346,75
1759858380.8389568,76
1759858380.9423764,75
1759858381.0456388,74
1759858381.1490471,75
1759858381.2524424,76
1759858381.3558662,75
1759858381.4592655,77
1759858381.5626886,77
1759858381.6660793,77
1759858381.7694592,77
1759858381.8729382,76
1759858381.976243,78
1759858382.0795484,78
1759858382.1828232,77
1759858382.2861636,75
1759858382.389593,76
1759858382.4929645,75
1759858382.5963187,76
1759858382.6997223,76
1759858382.80298,75
1759858382.9063168,75
1759858383.0097456,75
1759858383.112941,75
1759858383.2163846,76
1759858383.3197443,75
1759858383.4231577,76
1759858383.526568,76
1759858383.6299574,76
1759858383.7334793,76
1759858383.8370795,76
1759858383.940448,77
1759858384.0437448,76
1759858384.1469755,76
1759858384.2503395,76
1759858384.3539302,75
1759858384.4575322,76
1759858384.561074,76
1759858384.664625,76
1759858384.7681353,76
1759858384.8717103,76
1759858384.9751756,76
1759858385.0786076,76
1759858385.1819701,76
1759858385.2853837,76
1759858385.388825,76
1759858385.4921896,77
1759858385.5956023,77
1759858385.6988485,77
1759858385.8021946,77
1759858385.9055781,76
1759858386.0089552,76
1759858386.1122873,75
1759858386.2157724,76
1759858386.3191442,76
1759858386.422602,76
1759858386.525868,76
1759858386.6292293,77
1759858386.7325704,76
1759858386.8359082,76
1759858386.939307,76
1759858387.0427172,75
1759858387.146206,77
1759858387.2495992,76
1759858387.352832,76
1759858387.4561112,76
1759858387.5592914,76
1759858387.6627939,77
1759858387.766131,75
1759858387.8694518,76
1759858387.972689,75
1759858388.0759153,76
1759858388.1791124,76
1759858388.2826378,76
1759858388.3860445,76
1759858388.4893486,75
1759858388.5928202,76
1759858388.69617,75
1759858388.799579,76
1759858388.9029202,75
1759858389.006273,75
1759858389.1096148,76
1759858389.2129543,76
1759858389.316358,77
1759858389.4197865,76
1759858389.5230944,76
1759858389.6264088,76
1759858389.7297456,77
1759858389.8331013,76
1759858389.936487,76
1759858390.039875,77
1759858390.1432002,77
1759858390.2465358,78
1759858390.3498948,77
1759858390.4532611,78
1759858390.5564957,76
1759858390.6598625,78
1759858390.7630649,77
1759858390.866305,77
1759858390.9695477,76
1759858391.0728438,76
1759858391.1761932,75
1759858391.2797928,77
1759858391.3830976,77
1759858391.486485,76
1759858391.5898151,76
1759858391.693138,78
1759858391.796505,77
1759858391.899889,77
1759858392.0032058,78
1759858392.1065047,77
1759858392.2097504,78
1759858392.3131218,77
1759858392.4164085,76
1759858392.5196767,78
1759858392.622912,76
1759858392.7261755,76
1759858392.8295386,77
1759858392.93297,78
1759858393.0362673,76
1759858393.1396701,77
1759858393.2429566,76
1759858393.3461373,75
1759858393.449417,74
1759858393.5527005,75
1759858393.6560254,72
1759858393.7592738,73
1759858393.862565,76
1759858393.9658027,76
1759858394.0689528,76
1759858394.1722338,76
1759858394.2755046,76
1759858394.3787754,77
1759858394.4823291,76
1759858394.585558,76
1759858394.6888285,76
1759858394.792335,70
1759858394.8967447,77
1759858394.9999988,75
1759858395.1032796,77
1759858395.2065835,76
1759858395.3099551,76
1759858395.413399,75
1759858395.5168397,69
1759858395.6201937,72
1759858395.723617,74
1759858395.8269372,74
1759858395.9303265,75
1759858396.0336647,74
1759858396.1370487,75
1759858396.2405074,75
1759858396.3438094,75
1759858396.4471638,76
1759858396.550467,75
1759858396.6537232,75
1759858396.7569618,75
1759858396.860144,75
1759858396.9633944,74
1759858397.0665257,77
1759858397.1697483,74
1759858397.2730749,75
1759858397.376368,73
1759858397.479864,75
1759858397.5831492,76
1759858397.6864364,74
1759858397.7898526,70
1759858397.8932087,72
1759858397.9966404,73
1759858398.100011,74
1759858398.2033823,73
1759858398.3068664,74
1759858398.4101837,75
1759858398.5135655,75
1759858398.6169713,74
1759858398.7203214,74
1759858398.8238256,75
1759858398.9272783,74
1759858399.030683,74
1759858399.1340528,74
1759858399.2374444,74
1759858399.3407843,74
1759858399.4440768,73
1759858399.5474832,73
1759858399.65073,72
1759858399.7539802,73
1759858399.8575745,74
1759858399.9610798,72
1759858400.064885,75
1759858400.168689,74
1759858400.2725637,74
1759858400.3763735,70
1759858400.4803147,73
1759858400.5842597,72
1759858400.6875691,73
1759858400.7922938,74
1759858400.8956244,71
1759858400.9987843,75
1759858401.1020384,74
1759858401.20523,73
1759858401.3086965,72
1759858401.4119067,71
1759858401.51507,71
1759858401.6183486,73
1759858401.721509,72
1759858401.825233,73
1759858401.9285622,74
1759858402.031895,73
1759858402.1350946,74
1759858402.2383711,73
1759858402.3415482,74
1759858402.444885,75
1759858402.5480685,74
1759858402.6515954,74
1759858402.754939,73
1759858402.8583074,73
1759858402.9617143,73
1759858403.0650806,73
1759858403.1684692,73
1759858403.2719212,72
1759858403.3752608,70
1759858403.4785185,69
1759858403.581876,70
1759858403.6850543,73
1759858403.7884097,72
1759858403.8918335,72
1759858403.9952042,72
1759858404.0985901,72
1759858404.2019403,70
1759858404.3052351,68
1759858404.408615,68
1759858404.5119824,61
1759858404.6153464,64
1759858404.7187145,62
1759858404.8220632,63
1759858404.925439,66
1759858405.0287302,68
1759858405.1320567,68
1759858405.2353513,68
1759858405.3385282,68
1759858405.4417725,68
1759858405.5450265,68
1759858405.6483257,69
1759858405.751726,69
1759858405.855077,68
1759858405.9583488,67
1759858406.061502,68
1759858406.164757,68
1759858406.267963,69
1759858406.371405,68
1759858406.4747107,68
1759858406.578072,69
1759858406.681482,69
1759858406.7848349,69
1759858406.8882284,69
1759858406.991537,67
1759858407.0946913,69
1759858407.1979177,69
1759858407.3011022,69
1759858407.404379,67
1759858407.5078146,69
1759858407.6112323,69
1759858407.714625,69
1759858407.8178546,70
1759858407.921095,69
1759858408.0243032,69
1759858408.1275823,69
1759858408.2307913,70
1759858408.3342059,70
1759858408.4375067,69
1759858408.5409527,69
1759858408.644286,69
1759858408.7479308,70
1759858408.8513718,70
1759858408.9547598,70
1759858409.0579975,69
1759858409.1614523,69
1759858409.264927,70
1759858409.368317,69
1759858409.4716277,68
1759858409.5748577,69
1759858409.6780407,70
1759858409.7812839,70
1759858409.8845217,70
1759858409.987979,70
1759858410.0913074,69
1759858410.194704,70
1759858410.298142,70
1759858410.4015362,70
1759858410.504806,69
1759858410.607987,68
1759858410.7112174,70
1759858410.8143916,70
1759858410.9177184,70
1759858411.0209587,69
1759858411.124209,69
1759858411.227418,71
1759858411.330688,70
1759858411.43406,71
1759858411.5373297,70
1759858411.6406267,71
1759858411.7439523,70
1759858411.8473055,70
1759858411.9507217,70
1759858412.054126,70
1759858412.1574821,69
1759858412.2609985,69
1759858412.3645463,70
1759858412.4679961,70
1759858412.5712574,69
1759858412.6744945,69
1759858412.7779334,70
1759858412.881196,70
1759858412.9845855,69
1759858413.0878577,69
1759858413.1912253,69
1759858413.2946258,70
1759858413.39795,70
1759858413.5012274,65
1759858413.6044765,65
1759858413.7078125,67
1759858413.8110726,64
1759858413.9142802,66
1759858414.017806,68
1759858414.1211011,68
1759858414.224386,67
1759858414.3277533,68
1759858414.4311776,67
1759858414.5344152,68
1759858414.637834,68
1759858414.7411664,68
1759858414.844401,68
1759858414.9477093,69
1759858415.0509336,68
1759858415.1542244,68
1759858415.2575974,68
1759858415.361039,70
1759858415.464332,73
1759858415.5675461,72
1759858415.6708515,71
1759858415.774053,71
1759858415.8774228,69
1759858415.980879,72
1759858416.084102,73
1759858416.1875346,67
1759858416.290763,72
1759858416.3941393,72
1759858416.497471,72
1759858416.6007483,71
1759858416.7041538,69
1759858416.8076937,70
1759858416.9112306,70
1759858417.014624,70
1759858417.117989,70
1759858417.221358,70
1759858417.3247108,71
1759858417.4280896,70
1759858417.531467,69
1759858417.6347697,69
1759858417.7380977,69
1759858417.8415015,69
1759858417.944931,70
1759858418.0482652,70
1759858418.1516578,66
1759858418.2549353,70
1759858418.3582075,70
1759858418.4614,72
1759858418.5647035,72
1759858418.6678882,67
1759858418.7713068,71
1759858418.8747203,70
1759858418.978116,71
1759858419.081514,69
1759858419.1849031,70
1759858419.2883499,70
1759858419.3915892,71
1759858419.4948833,71
1759858419.5980592,68
1759858419.7012954,70
1759858419.8046815,67
1759858419.908143,71
1759858420.01147,72
1759858420.114652,70
1759858420.217938,69
1759858420.3211927,69
1759858420.4246857,69
1759858420.527829,70
1759858420.6310601,70
1759858420.7342238,70
1759858420.8389564,70
1759858420.9421682,70
1759858421.0455613,71
1759858421.149023,71
1759858421.2522995,70
1759858421.3557065,69
1759858421.4591217,70
1759858421.5624135,69
1759858421.6656592,71
1759858421.7689092,71
1759858421.8720686,70
1759858421.9753911,70
1759858422.0785513,72
1759858422.1818132,71
1759858422.2850118,70
1759858422.3882642,70
1759858422.4914987,70
1759858422.5946836,71
1759858422.6978886,70
1759858422.8010335,70
1759858422.90431,70
1759858423.0077987,67
1759858423.1110146,66
1759858423.2142086,67
1759858423.3174887,67
1759858423.4207287,68
1759858423.5239925,69
1759858423.627175,69
1759858423.7304955,70
1759858423.8337657,68
1759858423.9370575,68
1759858424.040288,68
1759858424.1435738,69
1759858424.2468328,68
1759858424.3500853,67
1759858424.453288,68
1759858424.556573,68
1759858424.6597352,69
1759858424.7629468,68
1759858424.866124,69
1759858424.9694173,68
1759858425.0726337,68
1759858425.1758597,69
1759858425.2790773,69
1759858425.3822494,68
1759858425.4855719,66
1759858425.588818,66
1759858425.6920404,66
1759858425.795306,68
1759858425.8986585,68
1759858426.0020397,67
1759858426.105376,68
1759858426.2087765,69
1759858426.3120484,70
1759858426.4153774,69
1759858426.5186472,68
1759858426.621863,69
1759858426.7251484,69
1759858426.8284407,69
1759858426.9318364,69
1759858427.0350425,69
1759858427.138298,69
1759858427.2415586,70
1759858427.3449056,69
1759858427.4482188,70
1759858427.551786,68
1759858427.6549988,69
1759858427.758234,70
1759858427.8614419,70
1759858427.9647524,69
1759858428.067887,68
1759858428.171075,68
1759858428.2742965,68
1759858428.3775775,67
1759858428.4809246,71
1759858428.5842943,67
1759858428.6876414,72
1759858428.790999,71
1759858428.8942802,69
1759858428.9975545,72
1759858429.1008112,68
1759858429.2039604,70
1759858429.3072634,70
1759858429.4104836,70
1759858429.5137982,70
1759858429.617064,69
1759858429.7203054,70
1759858429.823719,70
1759858429.9269557,70
1759858430.0302908,71
1759858430.1335034,71
1759858430.2369413,71
1759858430.340199,71
1759858430.4436128,71
1759858430.5469499,72
1759858430.650294,70
1759858430.753639,69
1759858430.8569038,71
1759858430.9602783,71
1759858431.0635235,71
1759858431.1666567,71
1759858431.269962,71
1759858431.3731484,71
1759858431.4765673,71
1759858431.5798178,71
1759858431.6831596,71
1759858431.786532,71
1759858431.8898864,71
1759858431.9932573,71
1759858432.0965059,71
1759858432.1998136,70
1759858432.3032126,69
1759858432.406641,69
1759858432.5102413,69
1759858432.6136508,70
1759858432.717046,70
1759858432.8204541,69
1759858432.9238627,69
1759858433.0271516,70
1759858433.1305351,68
1759858433.2339535,70
1759858433.337188,70
1759858433.4405782,70
1759858433.5438666,70
1759858433.6472418,70
1759858433.7505586,70
1759858433.853835,70
1759858433.9570372,71
1759858434.06037,71
1759858434.1636488,70
1759858434.2670417,70
1759858434.370411,70
1759858434.4737494,71
1759858434.576908,71
1759858434.6801467,69
1759858434.7832994,69
1759858434.8866036,70
1759858434.9898868,71
1759858435.0932038,70
1759858435.1965156,71
1759858435.2998693,70
1759858435.4032278,69
1759858435.5066779,70
1759858435.609989,70
1759858435.7133179,70
1759858435.8166678,71
1759858435.919892,71
1759858436.0230784,71
1759858436.126306,70
1759858436.2295516,70
1759858436.3328867,70
1759858436.4361649,70
1759858436.5395951,70
1759858436.6429303,70
1759858436.746315,69
1759858436.849779,70
1759858436.9530895,69
1759858437.0564432,70
1759858437.1598809,70
1759858437.2632604,70
1759858437.3667414,69
1759858437.4701028,70
1759858437.5735219,70
1759858437.6767488,70
1759858437.7800298,70
1759858437.8835995,70
1759858437.9868455,70
1759858438.090076,70
1759858438.1933289,70
1759858438.2970479,69
1759858438.4007845,69
1759858438.5045104,69
1759858438.6082263,70
1759858438.711927,70
1759858438.8158014,69
1759858438.9189723,69
1759858439.0222526,70
1759858439.125421,70
1759858439.22877,70
1759858439.3320475,69
1759858439.4356518,70
1759858439.5390313,71
1759858439.6422513,70
1759858439.745658,70
1759858439.8488925,70
1759858439.952161,70
1759858440.0554106,69
1759858440.1587062,70
1759858440.2621465,69
1759858440.3654568,68
1759858440.4687808,68
1759858440.572238,70
1759858440.6754806,70
1759858440.778681,70
1759858440.8836565,69
1759858440.9870706,70
1759858441.0904143,71
1759858441.193672,72
1759858441.2970834,71
1759858441.4003878,71
1759858441.50366,71
1759858441.6069021,71
1759858441.710045,69
1759858441.8133013,69
1759858441.916571,67
1759858442.0198503,67
1759858442.123094,68
1759858442.2264125,69
1759858442.3296316,69
1759858442.4328728,65
1759858442.5361493,68
1759858442.63937,67
1759858442.7426174,69
1759858442.84587,69
1759858442.9491527,68
1759858443.052332,69
1759858443.1555827,69
1759858443.2588599,68
1759858443.3620436,68
1759858443.4653187,68
1759858443.5686457,68
1759858443.671877,68
1759858443.7751207,68
1759858443.8784895,69
1759858443.9817915,69
1759858444.0849953,69
1759858444.1882887,69
1759858444.291638,69
1759858444.3948596,68
1759858444.4983327,69
1759858444.6015837,69
1759858444.7050204,69
1759858444.8082094,69
1759858444.911519,67
1759858445.0147777,68
1759858445.1181357,68
1759858445.2214727,68
1759858445.3247623,69
1759858445.428052,67
1759858445.531275,68
1759858445.634863,68
1759858445.7381747,68
1759858445.8415723,69
1759858445.9449925,69
1759858446.0483801,69
1759858446.1518059,69
1759858446.2552016,69
1759858446.35862,68
1759858446.4620883,68
1759858446.5655465,68
1759858446.668845,69
1759858446.7720642,69
1759858446.8752587,68
1759858446.978594,68
1759858447.0817523,67
1759858447.185014,68
1759858447.288306,67
1759858447.3917186,67
1759858447.4951227,67
1759858447.5985231,63
1759858447.701834,66
1759858447.8050363,65
1759858447.9083054,64
1759858448.0116208,64
1759858448.114793,64
1759858448.2180526,65
1759858448.3213305,66
1759858448.4246528,63
1759858448.5279367,64
1759858448.631538,64
1759858448.7351828,63
1759858448.8388941,66
1759858448.9425268,65
1759858449.0457284,66
1759858449.1494489,65
1759858449.2528343,65
1759858449.356161,66
1759858449.4595842,63
1759858449.562768,65
1759858449.6659856,65
1759858449.7691295,65
1759858449.8723698,65
1759858449.9756029,65
1759858450.078848,64
1759858450.1820972,63
1759858450.2855134,63
1759858450.3889136,63
1759858450.4924207,65
1759858450.595912,64
1759858450.699176,65
1759858450.8024218,65
1759858450.9058044,64
1759858451.0089765,64
1759858451.1122901,63
1759858451.2157893,65
1759858451.3190067,64
1759858451.4222517,64
1759858451.5254495,64
1759858451.6287308,62
1759858451.7318766,63
1759858451.8351433,64
1759858451.9384623,63
1759858452.0418403,63
1759858452.1451752,63
1759858452.2485495,64
1759858452.3518054,65
1759858452.4550455,65
1759858452.5583045,65
1759858452.6614282,64
1759858452.7646942,65
1759858452.8678882,66
1759858452.9712434,66
1759858453.0744896,65
1759858453.1777232,65
1759858453.280979,66
1759858453.3842323,65
1759858453.487397,65
1759858453.5905483,64
1759858453.6939163,65
1759858453.7971854,65
1759858453.9005575,66
1759858454.0038195,64
1759858454.106921,64
1759858454.2101746,64
1759858454.3133662,63
1759858454.4166677,65
1759858454.519872,64
1759858454.6230369,64
1759858454.7263942,63
1759858454.8295593,64
1759858454.932841,65
1759858455.0360541,65
1759858455.1392806,64
1759858455.242532,65
1759858455.3457108,65
1759858455.4489448,64
1759858455.5521638,64
1759858455.655512,65
1759858455.7587152,64
1759858455.8620737,64
1759858455.9654493,65
1759858456.0687315,65
1759858456.1719537,64
1759858456.2754166,64
1759858456.378636,63
1759858456.481932,65
1759858456.5852067,62
1759858456.688408,60
1759858456.7916734,61
1759858456.8949413,62
1759858456.9982262,61
1759858457.1014264,62
1759858457.2047384,62
1759858457.307956,61
1759858457.4112175,62
1759858457.5144928,63
1759858457.6178236,63
1759858457.7209892,64
1759858457.8242145,61
1759858457.9274094,60
1759858458.0306902,61
1759858458.1339102,61
1759858458.2372243,63
1759858458.3404763,63
1759858458.4437528,63
1759858458.5469468,63
1759858458.650206,63
1759858458.753388,63
1759858458.856911,64
1759858458.9600847,64
1759858459.063288,64
1759858459.1665592,65
1759858459.2697582,64
1759858459.3729904,64
1759858459.4761884,64
1759858459.5794647,64
1759858459.6826184,64
1759858459.7857726,64
1759858459.889046,63
1759858459.9922302,64
1759858460.0957017,64
1759858460.1990526,64
1759858460.302333,65
1759858460.405578,64
1759858460.5089111,64
1759858460.6120822,66
1759858460.7153475,66
1759858460.818547,65
1759858460.9232514,64
1759858461.0264983,63
1759858461.129714,65
1759858461.2328985,66
1759858461.3361611,66
1759858461.4392595,65
1759858461.5427375,66
1759858461.6461399,65
1759858461.749495,66
1759858461.8529053,66
1759858461.9561548,66
1759858462.0594707,65
1759858462.1626215,67
1759858462.2659025,67
1759858462.3690667,66
1759858462.4723537,65
1759858462.5755792,66
1759858462.678797,66
1759858462.7819324,66
1759858462.8852167,67
1759858462.988664,66
1759858463.092009,65
1759858463.1955004,66
1759858463.2988036,67
1759858463.4020572,66
1759858463.5053265,65
1759858463.6085455,65
1759858463.7117643,68
1759858463.8149405,67
1759858463.918223,67
1759858464.0214055,66
1759858464.1247067,65
1759858464.2279348,66
1759858464.3313863,67
1759858464.435052,65
1759858464.5384467,64
1759858464.6418822,65
1759858464.7451267,66
1759858464.8483574,65
1759858464.9515722,65
1759858465.0548532,65
1759858465.1579993,65
1759858465.2612815,65
1759858465.364442,66
1759858465.4677272,66
1759858465.5709357,65
1759858465.674164,66
1759858465.7773273,65
1759858465.8806357,66
1759858465.9838166,65
1759858466.087049,65
1759858466.1901948,65
1759858466.2934136,65
1759858466.396739,65
1759858466.499969,66
1759858466.603219,65
1759858466.7064137,65
1759858466.809584,65
1759858466.912872,66
1759858467.0160596,65
1759858467.1193485,65
1759858467.2228162,65
1759858467.326001,66
1759858467.4292696,66
1759858467.5325124,66
1759858467.6358092,66
1759858467.739202,64
1759858467.8424156,65
1759858467.9457443,64
1759858468.0491729,65
1759858468.1523755,65
1759858468.2557445,65
1759858468.358943,66
1759858468.4621992,65
1759858468.5654273,65
1759858468.668737,65
1759858468.7719572,64
1759858468.8753774,64
1759858468.9785502,64
1759858469.0818536,65
1759858469.1850762,65
1759858469.288495,65
1759858469.391774,64
1759858469.4950132,65
1759858469.5983784,66
1759858469.701569,62
1759858469.8050117,65
1759858469.9082353,66
1759858470.011542,66
1759858470.114722,66
1759858470.2179902,65
1759858470.3211367,64
1759858470.4243453,64
1759858470.527581,65
1759858470.6307628,66
1759858470.7339747,65
1759858470.8371177,64
1759858470.940349,66
1759858471.043581,66
1759858471.146795,64
1759858471.2499855,66
1759858471.3531938,65
1759858471.456323,66
1759858471.559643,67
1759858471.6627793,66
1759858471.7659972,67
1759858471.8691401,66
1759858471.9723768,66
1759858472.0755978,66
1759858472.1787782,66
1759858472.28199,65
1759858472.3852148,63
1759858472.4884107,63
1759858472.5917413,64
1759858472.6949883,65
1759858472.798299,65
1759858472.901651,64
1759858473.0050404,65
1759858473.1083815,65
1759858473.2117956,66
1759858473.315167,65
1759858473.4185715,66
1759858473.5219634,66
1759858473.625302,65
1759858473.728527,64
1759858473.8318784,64
1759858473.9351182,64
1759858474.0385041,64
1759858474.1418445,64
1759858474.2452478,65
1759858474.3484843,65
1759858474.4517431,64
1759858474.5550003,65
1759858474.6582608,65
1759858474.7614539,65
1759858474.864853,64
1759858474.9680943,64
1759858475.0713608,64
1759858475.174584,64
1759858475.2778056,64
1759858475.3810272,65
1759858475.484362,64
1759858475.5877237,66
1759858475.691061,66
1759858475.794375,67
1759858475.897703,67
1759858476.0010474,66
1759858476.1043706,65
1759858476.2077103,66
1759858476.3110971,66
1759858476.4144437,65
1759858476.5177536,64
1759858476.6210535,65
1759858476.7242732,64
1759858476.8274858,64
1759858476.930743,66
1759858477.0340307,66
1759858477.1372495,66
1759858477.2405026,66
1759858477.343779,66
1759858477.4469557,66
1759858477.5502126,66
1759858477.6533573,66
1759858477.7566369,67
1759858477.8598564,67
1759858477.9630823,66
1759858478.0662622,66
1759858478.1695306,66
1759858478.2727623,66
1759858478.3759298,66
1759858478.4791632,67
1759858478.5824268,65
1759858478.6856332,66
1759858478.7888274,66
1759858478.8920865,66
1759858478.9952307,66
1759858479.0985436,68
1759858479.20168,68
1759858479.304968,70
1759858479.4081905,70
1759858479.5115013,70
1759858479.6147099,69
1759858479.7180295,70
1759858479.821283,70
1759858479.92461,70
1759858480.0280018,69
1759858480.131363,68
1759858480.2347262,69
1759858480.3381004,69
1759858480.4414253,71
1759858480.5447574,70
1759858480.6479764,70
1759858480.7511945,70
1759858480.8544242,69
1759858480.9593446,70
1759858481.062565,70
1759858481.1658022,71
1759858481.2690446,69
1759858481.3722658,70
1759858481.475667,70
1759858481.5790133,69
1759858481.6823282,70
1759858481.785527,70
1759858481.8887887,72
1759858481.9920325,70
1759858482.0952117,71
1759858482.1985376,70
1759858482.301758,70
1759858482.4051182,71
1759858482.5084596,70
1759858482.6117573,70
1759858482.7149563,69
1759858482.8181994,71
1759858482.9213924,71
1759858483.0247066,71
1759858483.127952,70
1759858483.2317529,72
1759858483.3356144,71
1759858483.4388285,73
1759858483.5421283,74
1759858483.6453755,72
1759858483.7487197,73
1759858483.851992,74
1759858483.9553683,74
1759858484.0587733,75
1759858484.1620712,74
1759858484.2654998,73
1759858484.3689337,75
1759858484.472248,74
1759858484.5756915,73
1759858484.6790059,74
1759858484.7827191,74
1759858484.8864481,74
1759858484.9901006,74
1759858485.0938144,73
1759858485.197455,74
1759858485.3012576,74
1759858485.404934,74
1759858485.5086775,74
1759858485.6124055,74
1759858485.716131,74
1759858485.8198974,75
1759858485.923194,75
1759858486.0265303,73
1759858486.1298862,74
1759858486.23327,73
1759858486.3366647,75
1759858486.4400673,73
1759858486.5433517,75
1759858486.6466,73
1759858486.74985,74
1759858486.8530645,75
1759858486.9562938,74
1759858487.0596073,74
1759858487.1628475,73
1759858487.266138,73
1759858487.3694777,74
1759858487.4732416,74
1759858487.5769742,74
1759858487.680578,75
1759858487.7842398,76
1759858487.8879879,75
1759858487.9917943,74
1759858488.0955958,75
1759858488.198877,75
1759858488.3026311,75
1759858488.4063487,76
1759858488.50997,75
1759858488.6136565,75
1759858488.7172914,75
1759858488.8209047,75
1759858488.9242198,75
1759858489.0276961,76
1759858489.1310494,75
1759858489.2344398,75
1759858489.3378487,75
1759858489.4411147,75
1759858489.5444758,74
1759858489.6478448,74
1759858489.7511427,74
1759858489.8545318,75
1759858489.9579008,75
1759858490.0612028,76
1759858490.1644394,76
1759858490.2677615,77
1759858490.370986,76
1759858490.4741616,77
1759858490.5773864,78
1759858490.6811783,78
1759858490.7848063,78
1759858490.888503,78
1759858490.992202,78
1759858491.095656,76
1759858491.1989017,77
1759858491.3022068,67
1759858491.4057932,73
1759858491.509422,74
1759858491.612868,74
1759858491.716316,73
1759858491.8196707,70
1759858491.9230256,64
1759858492.0264637,68
1759858492.129778,71
1759858492.2332125,73
1759858492.3365688,73
1759858492.4398873,68
1759858492.5432913,45
1759858492.6466606,56
1759858492.7499797,57
1759858492.8533247,56
1759858492.9566495,59
1759858493.060029,54
1759858493.1634927,55
1759858493.2670217,57
1759858493.370417,58
1759858493.4737523,60
1759858493.577148,60
1759858493.6804626,67
1759858493.7838626,67
1759858493.8872,68
1759858493.990587,6
1759858494.0939682,68
1759858494.1973102,49
1759858494.3006907,49
1759858494.4040437,25
1759858494.5073867,22
1759858494.6107752,20
1759858494.7141027,13
1759858494.8174624,16
1759858494.9207337,13
1759858495.0239666,14
1759858495.1272552,19
1759858495.2305233,30
1759858495.3338702,31
1759858495.4371195,29
1759858495.5404818,35
1759858495.6437507,28
1759858495.7469733,16
1759858495.85025,21
1759858495.9535627,17
1759858496.0569863,19
1759858496.160349,17
1759858496.2637458,18
1759858496.3670928,20
1759858496.4704041,21
1759858496.57384,18
1759858496.677062,17
1759858496.7803779,18
1759858496.8838377,35
1759858496.9871204,17
1759858497.0904586,18
1759858497.1937387,21
1759858497.2971237,23
1759858497.4004653,24
1759858497.5037527,25
1759858497.6071222,19
1759858497.7105107,18
1759858497.8137984,22
1759858497.917134,23
1759858498.0204687,24
1759858498.1238081,25
1759858498.227181,25
1759858498.3305738,26
1759858498.434275,26
1759858498.537473,26
1759858498.6407402,34
1759858498.7443995,51
1759858498.847709,22
1759858498.9514956,19
1759858499.055178,21
1759858499.1584203,22
1759858499.2617664,29
1759858499.3654737,32
1759858499.4688125,33
1759858499.572604,23
1759858499.6759503,23
1759858499.7791798,23
1759858499.8825805,16
1759858499.9859533,18
1759858500.0893917,19
1759858500.1927912,17
1759858500.2962985,27
1759858500.3996263,28
1759858500.5029843,20
1759858500.6063697,15
1759858500.7097607,14
1759858500.8130937,52
1759858500.916454,61
1759858501.021453,63
1759858501.1249127,65
1759858501.2284074,47
1759858501.3318598,54
1759858501.435202,44
1759858501.5387144,14
1759858501.6420922,7
1759858501.7454996,12
1759858501.8488874,5
1759858501.9522238,10
1759858502.0557778,12
1759858502.1591392,13
1759858502.2625778,3
1759858502.3660188,7
1759858502.4693544,11
1759858502.5727942,36
1759858502.6761951,28
1759858502.7795727,15
1759858502.8829916,16
1759858502.9863694,17
1759858503.0898304,16
1759858503.193175,18
1759858503.2965496,23
1759858503.399987,19
1759858503.503365,17
1759858503.606818,16
1759858503.7101557,17
1759858503.813489,20
1759858503.9170072,24
1759858504.0203493,29
1759858504.1238296,30
1759858504.2271588,33
1759858504.3305848,32
1759858504.433902,32
1759858504.5372782,37
1759858504.6406195,36
1759858504.74382,34
1759858504.8471503,37
1759858504.9504657,38
1759858505.0537953,40
1759858505.1571743,39
1759858505.260574,29
1759858505.36388,20
1759858505.467181,26
1759858505.5705454,35
1759858505.674,37
1759858505.777352,39
1759858505.8806772,41
1759858505.9840467,42
1759858506.0875874,40
1759858506.1910348,24
1759858506.294482,34
1759858506.3978803,38
1759858506.5012183,40
1759858506.604625,39
1759858506.7080138,32
1759858506.811533,27
1759858506.9149103,42
1759858507.0183022,43
1759858507.1217072,48
1759858507.2251017,46
1759858507.328345,46
1759858507.431748,46
1759858507.5349898,50
1759858507.6384244,49
1759858507.7418308,49
1759858507.8452256,51
1759858507.9487178,51
1759858508.0521264,50
1759858508.1555529,50
1759858508.2588468,51
1759858508.3622208,51
1759858508.4657137,52
1759858508.56914,52
1759858508.6724954,52
1759858508.7758708,52
1759858508.8791466,52
1759858508.9825165,52
1759858509.0858326,51
1759858509.1890328,53
1759858509.292462,54
1759858509.395834,55
1759858509.4991932,53
1759858509.6026363,53
1759858509.7059634,52
1759858509.8094769,52
1759858509.9127827,53
1759858510.01613,53
1759858510.1195738,54
1759858510.2228508,52
1759858510.3262246,53
1759858510.4295523,53
1759858510.532934,52
1759858510.6363213,55
1759858510.7396543,53
1759858510.8429468,55
1759858510.9461913,55
1759858511.049473,56
1759858511.1528761,56
1759858511.256296,55
1759858511.359667,55
1759858511.4630077,56
1759858511.5664058,56
1759858511.669756,55
1759858511.7729883,56
1759858511.8763378,56
1759858511.9797273,58
1759858512.0831056,59
1759858512.1863482,57
1759858512.2897277,57
1759858512.393074,56
1759858512.4963272,58
1759858512.599753,58
1759858512.7030952,58
1759858512.8063788,58
1759858512.9097104,58
1759858513.0130372,59
1759858513.1163754,61
1759858513.219802,60
1759858513.3231606,60
1759858513.4265323,60
1759858513.5297575,60
1759858513.6331563,62
1759858513.7364812,62
1759858513.8397846,60
1759858513.9431891,60
1759858514.0465527,61
1759858514.1498964,62
1759858514.2532785,60
1759858514.3566182,58
1759858514.459922,61
1759858514.563303,61
1759858514.666664,60
1759858514.7699926,60
1759858514.8732598,61
1759858514.9765716,60
1759858515.079956,61
1759858515.1832664,62
1759858515.2865748,62
1759858515.3898346,61
1759858515.493075,62
1759858515.5962734,64
1759858515.6997037,62
1759858515.8030038,63
1759858515.906341,63
1759858516.0096548,62
1759858516.1129274,62
1759858516.2164686,63
1759858516.3198845,62
1759858516.4231572,61
1759858516.5265448,62
1759858516.63,62
1759858516.7334943,63
1759858516.8369427,62
1759858516.940314,63
1759858517.0436797,62
1759858517.1470702,62
1759858517.2503076,63
1759858517.3535833,63
1759858517.4568663,63
1759858517.560202,62
1759858517.663487,64
1759858517.7667532,64
1759858517.8702924,64
1759858517.973547,64
1759858518.0768552,63
1759858518.1801932,64
1759858518.2837286,64
1759858518.3871307,64
1759858518.4905322,64
1759858518.5937438,65
1759858518.6970904,63
1759858518.8004642,64
1759858518.9038618,63
1759858519.0072796,64
1759858519.1106765,63
1759858519.214578,64
1759858519.3179097,65
1759858519.421235,65
1759858519.5246372,64
1759858519.6281292,65
1759858519.731595,64
1759858519.8349955,64
1759858519.9387095,64
1759858520.041998,65
1759858520.1453998,65
1759858520.2488909,66
1759858520.3522592,64
1759858520.4556718,63
1759858520.5591173,62
1759858520.6625888,64
1759858520.7660103,65
1759858520.8693783,64
1759858520.9729047,64
1759858521.0779011,64
1759858521.1812687,64
1759858521.2847507,64
1759858521.388116,63
1759858521.4915924,65
1759858521.5950708,65
1759858521.6984227,64
1759858521.8018622,65
1759858521.9051251,65
1759858522.008484,65
1759858522.1121616,65
1759858522.2157443,65
1759858522.3191104,65
1759858522.422437,64
1759858522.5259068,64
1759858522.6293032,66
1759858522.7326267,64
1759858522.8360522,63
1759858522.939397,63
1759858523.042812,64
1759858523.1462038,65
1759858523.2496033,64
1759858523.3530967,64
1759858523.4564342,64
1759858523.559871,65
1759858523.6631706,64
1759858523.766619,65
1759858523.8699994,63
1759858523.9737225,64
1759858524.0770693,65
1759858524.1805944,66
1759858524.2841823,65
1759858524.387833,63
1759858524.4913616,63
1759858524.5947423,64
1759858524.6980948,63
1759858524.80145,63
1759858524.9048407,63
1759858525.0082371,64
1759858525.1116815,63
1759858525.2151592,63
1759858525.31859,64
1759858525.4219723,64
1759858525.5254834,63
1759858525.629132,64
1759858525.73267,63
1759858525.8361545,63
1759858525.939588,63
1759858526.0428472,64
1759858526.1462562,62
1759858526.2496738,62
1759858526.3531108,63
1759858526.45652,63
1759858526.5599337,62
1759858526.6633868,61
1759858526.7668216,60
1759858526.870357,55
1759858526.9738584,61
1759858527.077385,57
1759858527.1809037,59
1759858527.284449,61
1759858527.3878524,60
1759858527.4912398,62
1759858527.5946813,61
1759858527.6979358,63
1759858527.8013191,61
1759858527.9046116,61
1759858528.0080156,60
1759858528.1112766,60
1759858528.214626,54
1759858528.3178995,55
1759858528.4217181,56
1759858528.5252419,58
1759858528.629098,59
1759858528.732626,60
1759858528.8363433,61
1759858528.939582,60
1759858529.043345,61
1759858529.146726,61
1759858529.25047,59
1759858529.3542037,59
1759858529.4574547,60
1759858529.5611975,61
1759858529.6649482,57
1759858529.7681773,61
1759858529.871886,58
1759858529.975644,60
1759858530.0789502,60
1759858530.1826434,59
1759858530.286368,59
1759858530.3895888,59
1759858530.4933043,60
1759858530.5971255,57
1759858530.7004108,59
1759858530.8037708,58
1759858530.9071953,58
1759858531.010577,58
1759858531.113961,57
1759858531.2174428,57
1759858531.3208241,58
1759858531.4242074,59
1759858531.5275838,60
1759858531.6309605,59
1759858531.73428,59
1759858531.8376417,56
1759858531.9409728,59
1759858532.0442119,59
1759858532.1477315,58
1759858532.2511299,57
1759858532.3545346,56
1759858532.4579198,57
1759858532.5612702,58
1759858532.6650567,57
1759858532.7683883,57
1759858532.871739,56
1759858532.9750414,56
1759858533.0782912,56
1759858533.181649,58
1759858533.28502,59
1759858533.3883784,59
1759858533.4917545,59
1759858533.5951452,61
1759858533.698538,60
1759858533.8017673,60
1759858533.9051085,58
1759858534.0087252,60
1759858534.1121604,60
1759858534.215865,60
1759858534.3193057,61
1759858534.4229252,60
1759858534.5263789,60
1759858534.6300015,60
1759858534.73357,61
1759858534.8370757,60
1759858534.940636,62
1759858535.0442278,63
1759858535.1476798,62
1759858535.2511435,63
1759858535.354626,63
1759858535.4579654,62
1759858535.5612998,62
1759858535.664721,62
1759858535.7680519,62
1759858535.8713818,62
1759858535.9747412,61
1759858536.078063,61
1759858536.181585,61
1759858536.2850099,62
1759858536.3887506,62
1759858536.492407,62
1759858536.5958123,63
1759858536.699661,62
1759858536.8030279,62
1759858536.9063785,61
1759858537.0097926,62
1759858537.1133718,62
1759858537.2168715,63
1759858537.320267,63
1759858537.4236503,64
1759858537.5270119,63
1759858537.630368,63
1759858537.7338421,63
1759858537.837182,63
1759858537.9404972,65
1759858538.0438716,64
1759858538.1472719,64
1759858538.2507377,65
1759858538.353979,65
1759858538.457194,65
1759858538.560681,64
1759858538.6640115,65
1759858538.7672787,65
1759858538.870538,65
1759858538.9737108,65
1759858539.0769835,63
1759858539.1802766,63
1759858539.2836146,62
1759858539.3868582,63
1759858539.4900808,64
1759858539.593267,65
1759858539.6965194,65
1759858539.7997713,65
1759858539.9030955,63
1759858540.0064194,65
1759858540.1098166,65
1759858540.2131379,64
1759858540.3165088,64
1759858540.4198623,65
1759858540.5231526,63
1759858540.6264806,65
1759858540.7298045,65
1759858540.8330095,64
1759858540.9362085,64
1759858541.0394235,63
1759858541.1441512,64
1759858541.247591,64
1759858541.3508937,64
1759858541.4542475,62
1759858541.5575857,61
1759858541.6610155,60
1759858541.7642915,62
1759858541.8676808,62
1759858541.9709873,61
1759858542.0743325,62
1759858542.1777034,62
1759858542.2810469,62
1759858542.3843715,63
1759858542.487742,61
1759858542.5910413,62
1759858542.6944044,62
1759858542.7977343,62
1759858542.9010408,63
1759858543.004391,64
1759858543.1076927,63
1759858543.21096,64
1759858543.3142283,65
1759858543.4174771,63
1759858543.520774,64
1759858543.6241677,63
1759858543.7275212,64
1759858543.830753,62
1759858543.9341037,64
1759858544.037352,63
1759858544.140796,64
1759858544.2441912,62
1759858544.34741,64
1759858544.4506357,64
1759858544.5539649,63
1759858544.6572537,63
1759858544.7604415,63
1759858544.8638048,63
1759858544.9670062,63
1759858545.0702546,62
1759858545.1736355,62
1759858545.2770162,63
1759858545.3803499,61
1759858545.4836414,62
1759858545.586981,62
1759858545.6903467,63
1759858545.7936695,63
1759858545.8970068,63
1759858546.0003397,63
1759858546.1036792,63
1759858546.206926,64
1759858546.3102171,64
1759858546.4135501,63
1759858546.5169308,62
1759858546.6203115,62
1759858546.7237494,62
1759858546.827176,62
1759858546.930587,61
1759858547.0339353,63
1759858547.137329,63
1759858547.2407799,63
1759858547.3441713,63
1759858547.4475436,63
1759858547.5508814,62
1759858547.6541567,62
1759858547.7573905,62
1759858547.8608043,63
1759858547.9641356,63
1759858548.0673554,64
1759858548.1707368,63
1759858548.274068,63
1759858548.3774295,63
1759858548.4808033,63
1759858548.584115,62
1759858548.6875556,62
1759858548.7909105,61
1759858548.8942122,62
1759858548.997541,63
1759858549.1009173,62
1759858549.2042916,63
1759858549.3076544,63
1759858549.4109023,64
1759858549.5141997,63
1759858549.6175833,64
1759858549.720923,65
1759858549.824227,64
1759858549.927586,65
1759858550.0308185,65
1759858550.1340816,64
1759858550.2373319,63
1759858550.3405561,62
1759858550.4438968,64
1759858550.5471487,63
1759858550.6505692,65
1759858550.753912,63
1759858550.8572001,62
1759858550.9605072,61
1759858551.0638938,62
1759858551.167242,62
1759858551.2706587,62
1759858551.373891,62
1759858551.4770603,63
1759858551.580318,63
1759858551.6836276,63
1759858551.7868714,63
1759858551.8901672,63
1759858551.9935644,62
1759858552.0970318,62
1759858552.2004852,63
1759858552.3039954,64
1759858552.407486,64
1759858552.5109253,64
1759858552.6143837,64
1759858552.7177625,65
1759858552.821104,65
1759858552.9244385,63
1759858553.0279922,64
1759858553.1315782,65
1759858553.2353723,64
1759858553.338765,64
1759858553.4421074,64
1759858553.545484,65
1759858553.6489427,65
1759858553.7522056,65
1759858553.8556228,65
1759858553.9589653,66
1759858554.0623097,67
1759858554.1657133,65
1759858554.2691817,66
1759858554.3725317,66
1759858554.4758968,66
1759858554.5792468,67
1759858554.6826875,68
1759858554.7859821,68
1759858554.889347,68
1759858554.9927425,67
1759858555.0961492,66
1759858555.1996496,65
1759858555.3030565,65
1759858555.4064796,65
1759858555.509835,64
1759858555.6132193,67
1759858555.7166064,67
1759858555.8199637,67
1759858555.923351,66
1759858556.0266922,66
1759858556.1300864,66
1759858556.233477,65
1759858556.3368976,65
1759858556.4402263,65
1759858556.5435164,65
1759858556.6469104,65
1759858556.7502398,65
1759858556.8536615,65
1759858556.9569976,65
1759858557.0604565,65
1759858557.1639063,66
1759858557.267345,65
1759858557.3707612,66
1759858557.4740727,67
1759858557.5775056,67
1759858557.68094,67
1759858557.784279,66
1759858557.8876536,64
1759858557.9910545,66
1759858558.094456,66
1759858558.19793,66
1759858558.3013926,68
1759858558.4048033,67
1759858558.5082138,67
1759858558.6117294,66
1759858558.7150216,68
1759858558.818221,68
1759858558.9214694,68
1759858559.0247252,67
1759858559.1280184,67
1759858559.2313867,67
1759858559.334849,66
1759858559.438226,65
1759858559.5416157,65
1759858559.6450028,66
1759858559.74844,67
1759858559.851826,67
1759858559.9552078,66
1759858560.0586276,66
1759858560.1620631,67
1759858560.2653892,67
1759858560.368618,67
1759858560.471871,66
1759858560.5752609,67
1759858560.6787045,68
1759858560.7821035,67
1759858560.885474,67
1759858560.9889288,67
1759858561.0922787,67
1759858561.1972706,68
1759858561.3007221,67
1759858561.4040828,67
1759858561.5075204,68
1759858561.6108727,68
1759858561.7142408,68
1759858561.8176649,67
1759858561.9209864,66
1759858562.0243936,65
1759858562.1278975,68
1759858562.2312038,68
1759858562.3347607,68
1759858562.4381154,68
1759858562.5415473,69
1759858562.6448674,67
1759858562.7483733,68
1759858562.8517659,68
1759858562.9551895,68
1759858563.0585675,68
1759858563.1620412,69
1759858563.2654579,67
1759858563.36886,68
1759858563.4722607,67
1759858563.5756483,66
1759858563.6790214,68
1759858563.7824411,68
1759858563.8858514,67
1759858563.9892662,66
1759858564.0926003,67
1759858564.1959949,67
1759858564.2993932,68
1759858564.4027603,68
1759858564.5061572,68
1759858564.6094904,66
1759858564.7129831,65
1759858564.8163795,66
1759858564.9197602,67
1759858565.0234056,68
1759858565.1269298,68
1759858565.2304306,68
1759858565.3338823,68
1759858565.4372373,68
1759858565.540715,68
1759858565.6443024,68
1759858565.7479174,67
1759858565.8515332,68
1759858565.9549282,67
1759858566.0584846,68
1759858566.161956,68
1759858566.2654407,67
1759858566.3688734,67
1759858566.4722836,67
1759858566.575767,66
1759858566.6790717,68
1759858566.782468,67
1759858566.8860734,67
1759858566.989489,67
1759858567.0931044,67
1759858567.196665,68
1759858567.3002572,68
1759858567.403838,68
1759858567.507288,67
1759858567.610762,66
1759858567.7141566,66
1759858567.8175323,67
1759858567.9209683,68
1759858568.024298,68
1759858568.127757,68
1759858568.2311842,67
1759858568.3346996,67
1759858568.438061,66
1759858568.541415,68
1759858568.6449409,67
1759858568.748308,66
1759858568.851748,68
1759858568.9550817,67
1759858569.0585096,67
1759858569.1619277,67
1759858569.2653089,67
1759858569.3687913,67
1759858569.4720228,67
1759858569.57529,68
1759858569.678803,69
1759858569.782143,69
1759858569.8855705,68
1759858569.988949,68
1759858570.0923195,68
1759858570.1958225,69
1759858570.2992144,69
1759858570.4026148,68
1759858570.5059996,68
1759858570.6094432,68
1759858570.712952,68
1759858570.8162968,69
1759858570.9197116,68
1759858571.0231123,69
1759858571.126513,68
1759858571.2299364,68
1759858571.333407,68
1759858571.4367902,68
1759858571.5402262,68
1759858571.6435819,67
1759858571.7468846,68
1759858571.8502498,67
1759858571.953613,65
1759858572.056993,66
1759858572.160376,66
1759858572.263805,67
1759858572.3671672,68
1759858572.4706752,68
1759858572.5739272,68
1759858572.6772945,69
1759858572.7805598,68
1759858572.8839195,69
1759858572.9872622,68
1759858573.09062,69
1759858573.1940176,69
1759858573.2974179,68
1759858573.4008067,67
1759858573.5041232,68
1759858573.6074848,67
1759858573.7108567,66
1759858573.814198,68
1759858573.9175458,69
1759858574.020905,69
1759858574.1241493,67
1759858574.2276087,68
1759858574.3309803,69
1759858574.4342062,69
1759858574.5375366,69
1759858574.6409192,69
1759858574.7442758,69
1759858574.847665,70
1759858574.9509804,68
1759858575.05421,69
1759858575.1575813,69
1759858575.261024,69
1759858575.3643627,70
1759858575.4677417,70
1759858575.5710962,70
1759858575.6745262,69
1759858575.7777941,70
1759858575.8810372,70
1759858575.9843745,70
1759858576.0877476,70
1759858576.191115,69
1759858576.2945764,67
1759858576.3979335,69
1759858576.5012398,69
1759858576.6045792,69
1759858576.707957,68
1759858576.8112102,69
1759858576.9146163,68
1759858577.01794,68
1759858577.1213005,68
1759858577.2247634,68
1759858577.3281467,69
1759858577.4315126,69
1759858577.534835,69
1759858577.6382008,69
1759858577.7415874,70
1759858577.8450093,71
1759858577.9482915,70
1759858578.0517302,70
1759858578.1552045,69
1759858578.2586417,70
1759858578.3621042,70
1759858578.4654746,71
1759858578.568888,70
1759858578.6722765,70
1759858578.7756572,70
1759858578.879169,69
1759858578.9825215,71
1759858579.0859034,69
1759858579.18928,70
1759858579.2926733,69
1759858579.3960497,70
1759858579.4993691,70
1759858579.6026917,70
1759858579.7060978,69
1759858579.8094199,70
1759858579.9127355,70
1759858580.0160801,70
1759858580.1194735,71
1759858580.2228496,70
1759858580.3262098,70
1759858580.4295282,70
1759858580.5329232,70
1759858580.6361818,69
1759858580.7396133,69
1759858580.8429947,70
1759858580.9462395,70
1759858581.0495625,70
1759858581.1530964,70
1759858581.2581007,70
1759858581.3614595,69
1759858581.464837,69
1759858581.56822,69
1759858581.671652,69
1759858581.7749984,70
1759858581.8783662,69
1759858581.9817476,69
1759858582.0850983,70
1759858582.1885364,69
1759858582.2920673,69
1759858582.395508,70
1759858582.4988434,71
1759858582.6021707,71
1759858582.7055447,70
1759858582.8089042,71
1759858582.912263,71
1759858583.0156112,70
1759858583.1189117,71
1759858583.2223322,70
1759858583.3257277,70
1759858583.4290075,71
1759858583.532214,71
1759858583.635528,71
1759858583.7388322,70
1759858583.8421834,71
1759858583.9454303,70
1759858584.0488183,71
1759858584.1521604,71
1759858584.2555764,70
1759858584.3589404,70
1759858584.4622672,71
1759858584.5655785,71
1759858584.6690097,71
1759858584.772428,71
1759858584.8759012,71
1759858584.9792893,71
1759858585.0826535,71
1759858585.1862304,71
1759858585.289764,71
1759858585.3931332,71
1759858585.496405,71
1759858585.5998316,72
1759858585.7032504,71
1759858585.8066862,71
1759858585.910099,71
1759858586.0134995,71
1759858586.116897,71
1759858586.2206771,72
1759858586.3244133,72
1759858586.4277875,71
1759858586.5315363,73
1759858586.6352568,72
1759858586.7391047,72
1759858586.8424284,71
1759858586.9461687,73
1759858587.0498714,72
1759858587.153119,73
1759858587.2568476,72
1759858587.360232,73
1759858587.4636395,72
1759858587.5668464,72
1759858587.670084,72
1759858587.7733245,72
1759858587.8764753,71
1759858587.9797873,72
1759858588.0831084,72
1759858588.1865273,71
1759858588.2900698,72
1759858588.3934293,72
1759858588.496897,72
1759858588.6002266,72
1759858588.7036488,72
1759858588.8070939,72
1759858588.9103422,71
1759858589.0135612,73
1759858589.1168718,71
1759858589.2204337,73
1759858589.3237772,72
1759858589.427081,72
1759858589.5303175,72
1759858589.6336093,72
1759858589.736828,72
1759858589.8401062,72
1759858589.9433742,72
1759858590.046786,73
1759858590.1500034,72
1759858590.2535424,72
1759858590.3569815,72
1759858590.4604034,72
1759858590.563831,72
1759858590.6675272,72
1759858590.7710614,72
1759858590.8743324,71
1759858590.9775758,72
1759858591.0808768,71
1759858591.1842697,72
1759858591.2877793,72
1759858591.391138,70
1759858591.494597,71
1759858591.5981333,72
1759858591.7015655,72
1759858591.8051789,72
1759858591.9086883,71
1759858592.0122476,71
1759858592.115842,71
1759858592.2194307,71
1759858592.3227417,71
1759858592.4259737,72
1759858592.5293167,72
1759858592.6326563,72
1759858592.736016,72
1759858592.8393633,72
1759858592.9426937,71
1759858593.0459886,72
1759858593.1493168,72
1759858593.252781,72
1759858593.356118,70
1759858593.459522,71
1759858593.5628762,72
1759858593.6661966,72
1759858593.7695591,72
1759858593.8729308,72
1759858593.9762478,71
1759858594.0795577,71
1759858594.182854,72
1759858594.2862465,71
1759858594.3895912,71
1759858594.492959,71
1759858594.596285,71
1759858594.6997006,72
1759858594.8029654,72
1759858594.9063077,70
1759858595.0097198,70
1759858595.1136382,70
1759858595.217057,72
1759858595.3204553,71
1759858595.4238524,70
1759858595.5272217,71
1759858595.6305687,71
1759858595.7341368,70
1759858595.8375194,71
1759858595.9409077,70
1759858596.0442684,71
1759858596.1476417,71
1759858596.2511501,71
1759858596.3546343,72
1759858596.4579678,71
1759858596.561281,72
1759858596.664594,72
1759858596.7679532,70
1759858596.8712888,70
1759858596.974661,70
1759858597.0779774,71
1759858597.1813858,71
1759858597.2848318,72
1759858597.3880808,71
1759858597.4913905,71
1759858597.5947769,71
1759858597.6981509,72
1759858597.8014739,71
1759858597.9048617,71
1759858598.0081875,70
1759858598.1114032,70
1759858598.2155042,71
1759858598.318851,71
1759858598.4221869,72
1759858598.5256126,71
1759858598.628984,71
1759858598.7323835,70
1759858598.8356876,71
1759858598.9390283,71
1759858599.0423987,71
1759858599.1458132,72
1759858599.2492537,70
1759858599.352726,71
1759858599.4561293,70
1759858599.559603,71
1759858599.662953,71
1759858599.7663522,71
1759858599.8696752,72
1759858599.9730146,71
1759858600.076382,71
1759858600.1798587,72
1759858600.2832768,72
1759858600.386679,72
1759858600.4900432,71
1759858600.5933983,71
1759858600.6968129,71
1759858600.8001685,70
1759858600.9035647,70
1759858601.0068526,69
1759858601.110168,70
1759858601.2136335,69
1759858601.3186133,70
1759858601.4219673,70
1759858601.5253625,70
1759858601.6287618,70
1759858601.7321632,70
1759858601.8356164,69
1759858601.9389677,69
1759858602.0422702,69
1759858602.1456814,70
1759858602.2490778,70
1759858602.352438,70
1759858602.4558694,69
1759858602.5591683,69
1759858602.6626654,70
1759858602.7660453,69
1759858602.8694096,70
1759858602.972844,70
1759858603.0762103,65
1759858603.1796706,64
1759858603.2831469,67
1759858603.3869925,66
1759858603.490394,66
1759858603.593717,66
1759858603.697176,67
1759858603.8005278,66
1759858603.9039083,66
1759858604.0072849,66
1759858604.110674,66
1759858604.2141814,66
1759858604.3175538,66
1759858604.42098,66
1759858604.5242712,67
1759858604.6276774,67
1759858604.7310877,68
1759858604.8345027,69
1759858604.9378526,68
1759858605.0411525,68
1759858605.1445584,68
1759858605.2479477,68
1759858605.3513894,67
1759858605.4549375,67
1759858605.558139,68
1759858605.6613836,69
1759858605.7646413,68
1759858605.868086,68
1759858605.9714558,68
1759858606.074792,68
1759858606.1781886,68
1759858606.281575,69
1759858606.3849244,67
1759858606.4882517,68
1759858606.5916262,68
1759858606.6950219,68
1759858606.798278,69
1759858606.90162,69
1759858607.0049837,68
1759858607.108309,68
1759858607.211746,69
1759858607.3152463,69
1759858607.418547,69
1759858607.5222702,69
1759858607.625871,69
1759858607.7296088,69
1759858607.8333619,69
1759858607.9371178,68
1759858608.0408084,68
1759858608.1440582,69
1759858608.2478805,68
1759858608.351639,69
1759858608.4548945,68
1759858608.5585852,68
1759858608.6622868,67
1759858608.765951,69
1759858608.86963,69
1759858608.973299,69
1759858609.0769687,69
1759858609.1806943,68
1759858609.2840195,68
1759858609.3877823,67
1759858609.491524,67
1759858609.5947971,68
1759858609.698091,68
1759858609.8013577,68
1759858609.9047368,68
1759858610.0081089,66
1759858610.1113935,68
1759858610.214852,68
1759858610.318196,69
1759858610.4215975,68
1759858610.525103,69
1759858610.6285014,70
1759858610.7318323,69
1759858610.8351755,68
1759858610.9386263,68
1759858611.04197,69
1759858611.1452334,69
1759858611.248632,69
1759858611.3519452,68
1759858611.4554381,67
1759858611.55893,68
1759858611.6624017,69
1759858611.765866,70
1759858611.8691227,69
1759858611.972459,68
1759858612.075857,69
1759858612.1791716,68
1759858612.2826042,69
1759858612.3859367,68
1759858612.4892352,67
1759858612.5925567,66
1759858612.695898,67
1759858612.7992315,68
1759858612.902617,68
1759858613.0059893,67
1759858613.1093705,67
1759858613.2127306,67
1759858613.3161294,68
1759858613.4195173,68
1759858613.5228426,67
1759858613.6262083,68
1759858613.729578,68
1759858613.8329408,68
1759858613.936271,68
1759858614.0396428,67
1759858614.1428893,67
1759858614.2463398,69
1759858614.34967,68
1759858614.4529784,68
1759858614.556298,67
1759858614.6597822,66
1759858614.7631402,67
1759858614.866519,68
1759858614.9698448,68
1759858615.0731592,68
1759858615.1764648,68
1759858615.279888,69
1759858615.3831775,68
1759858615.4865038,68
1759858615.5898397,67
1759858615.6931694,67
1759858615.7965255,69
1759858615.89984,68
1759858616.0031605,66
1759858616.1065774,65
1759858616.2099664,67
1759858616.313243,66
1759858616.4165776,68
1759858616.5199037,67
1759858616.6232316,67
1759858616.7265537,67
1759858616.8297634,67
1759858616.9329288,67
1759858617.0362892,68
1759858617.1396046,68
1759858617.242937,67
1759858617.3461378,67
1759858617.4493544,67
1759858617.552556,66
1759858617.6557362,66
1759858617.7591374,67
1759858617.8624163,68
1759858617.9656873,67
1759858618.0689538,68
1759858618.1721053,67
1759858618.275387,67
1759858618.3786192,67
1759858618.4818456,68
1759858618.5850437,68
1759858618.68825,67
1759858618.7915642,68
1759858618.8947806,67
1759858618.998099,67
1759858619.101458,67
1759858619.204885,62
1759858619.308164,63
1759858619.4113872,57
1759858619.5146716,62
1759858619.6179044,61
1759858619.7211592,62
1759858619.8244133,63
1759858619.927784,63
1759858620.0310977,64
1759858620.1344469,62
1759858620.2377794,64
1759858620.3410034,63
1759858620.4442532,63
1759858620.5474908,63
1759858620.6507967,57
1759858620.7542427,54
1759858620.857982,61
1759858620.9612432,61
1759858621.0650904,59
1759858621.1683865,61
1759858621.2717152,60
1759858621.3764617,59
1759858621.479695,59
1759858621.5829594,58
1759858621.6861215,56
1759858621.7893932,60
1759858621.892623,59
1759858621.9960687,57
1759858622.0994809,58
1759858622.20284,58
1759858622.3062816,58
1759858622.409597,57
1759858622.513037,58
1759858622.6163573,56
1759858622.7198126,57
1759858622.82322,56
1759858622.9265842,56
1759858623.0299377,58
1759858623.133298,58
1759858623.236686,57
1759858623.340084,58
1759858623.443458,59
1759858623.546887,58
1759858623.650217,58
1759858623.753594,58
1759858623.8570445,58
1759858623.9603646,59
1759858624.0637949,58
1759858624.1670256,59
1759858624.2703142,58
1759858624.3735034,58
1759858624.4769666,60
1759858624.580301,59
1759858624.6837592,60
1759858624.787135,58
1759858624.89058,55
1759858624.9938045,58
1759858625.0971286,56
1759858625.2004821,58
1759858625.303911,56
1759858625.4073458,57
1759858625.5106924,58
1759858625.614079,58
1759858625.7173443,57
1759858625.8206987,52
1759858625.92391,52
1759858626.0271428,51
1759858626.1305034,51
1759858626.23389,51
1759858626.3372445,52
1759858626.4406216,54
1759858626.5439837,55
1759858626.6473923,54
1759858626.7509599,54
1759858626.8542457,55
1759858626.9575973,52
1759858627.0610914,55
1759858627.1644478,53
1759858627.267977,55
1759858627.3713536,54
1759858627.474803,54
1759858627.578135,55
1759858627.6815562,55
1759858627.7850473,56
1759858627.8883836,53
1759858627.9918327,56
1759858628.09519,57
1759858628.198581,56
1759858628.302055,57
1759858628.4054027,55
1759858628.508855,57
1759858628.612199,57
1759858628.7156584,57
1759858628.8190231,55
1759858628.9222417,55
1759858629.0256684,55
1759858629.1290426,57
1759858629.2325394,57
1759858629.3358386,56
1759858629.4396043,55
1759858629.5432708,57
1759858629.646552,57
1759858629.7502944,57
1759858629.8540058,57
1759858629.957259,57
1759858630.0609083,57
1759858630.1642132,58
1759858630.2677,57
1759858630.3710444,56
